Visitantes,Dia,Mes,Ano,Day of the week,COVID,Season,Event,Total Turistas
145,14,12,2018,Friday,0,Autumn,1,15657.58064516129
144,15,12,2018,Saturday,0,Autumn,1,15657.58064516129
131,17,12,2018,Monday,0,Autumn,1,15657.58064516129
355,18,12,2018,Tuesday,0,Autumn,1,15657.58064516129
1267,20,12,2018,Thursday,0,Autumn,1,15657.58064516129
1264,21,12,2018,Friday,0,Winter,1,15657.58064516129
982,24,12,2018,Monday,0,Winter,1,15657.58064516129
1724,27,12,2018,Thursday,0,Winter,1,15657.58064516129
1724,30,12,2018,Sunday,0,Winter,1,15657.58064516129
1182,31,12,2018,Monday,0,Winter,1,15657.58064516129
1533,2,1,2019,Wednesday,0,Winter,1,14818.709677419354
1490,3,1,2019,Thursday,0,Winter,1,14818.709677419354
1244,4,1,2019,Friday,0,Winter,1,14818.709677419354
1518,5,1,2019,Saturday,0,Winter,1,14818.709677419354
813,6,1,2019,Sunday,0,Winter,1,14818.709677419354
809,7,1,2019,Monday,0,Winter,1,14818.709677419354
679,8,1,2019,Tuesday,0,Winter,1,14818.709677419354
693,9,1,2019,Wednesday,0,Winter,1,14818.709677419354
694,10,1,2019,Thursday,0,Winter,1,14818.709677419354
829,11,1,2019,Friday,0,Winter,1,14818.709677419354
1100,12,1,2019,Saturday,0,Winter,1,14818.709677419354
940,13,1,2019,Sunday,0,Winter,1,14818.709677419354
740,14,1,2019,Monday,0,Winter,1,14818.709677419354
563,15,1,2019,Tuesday,0,Winter,1,14818.709677419354
585,16,1,2019,Wednesday,0,Winter,1,14818.709677419354
651,17,1,2019,Thursday,0,Winter,1,14818.709677419354
588,18,1,2019,Friday,0,Winter,1,14818.709677419354
572,19,1,2019,Saturday,0,Winter,1,14818.709677419354
710,20,1,2019,Sunday,0,Winter,1,14818.709677419354
734,21,1,2019,Monday,0,Winter,1,14818.709677419354
589,22,1,2019,Tuesday,0,Winter,1,14818.709677419354
507,23,1,2019,Wednesday,0,Winter,1,14818.709677419354
605,24,1,2019,Thursday,0,Winter,1,14818.709677419354
734,25,1,2019,Friday,0,Winter,1,14818.709677419354
1240,26,1,2019,Saturday,0,Winter,1,14818.709677419354
802,27,1,2019,Sunday,0,Winter,1,14818.709677419354
713,28,1,2019,Monday,0,Winter,1,14818.709677419354
512,29,1,2019,Tuesday,0,Winter,1,14818.709677419354
433,30,1,2019,Wednesday,0,Winter,1,14818.709677419354
516,31,1,2019,Thursday,0,Winter,1,14818.709677419354
685,1,2,2019,Friday,0,Winter,0,16796.41379310345
1033,2,2,2019,Saturday,0,Winter,0,16796.41379310345
746,3,2,2019,Sunday,0,Winter,0,16796.41379310345
721,4,2,2019,Monday,0,Winter,0,16796.41379310345
559,5,2,2019,Tuesday,0,Winter,0,16796.41379310345
610,6,2,2019,Wednesday,0,Winter,0,16796.41379310345
729,7,2,2019,Thursday,0,Winter,0,16796.41379310345
836,8,2,2019,Friday,0,Winter,0,16796.41379310345
1295,9,2,2019,Saturday,0,Winter,0,16796.41379310345
708,10,2,2019,Sunday,0,Winter,0,16796.41379310345
754,11,2,2019,Monday,0,Winter,0,16796.41379310345
736,12,2,2019,Tuesday,0,Winter,0,16796.41379310345
725,13,2,2019,Wednesday,0,Winter,0,16796.41379310345
782,14,2,2019,Thursday,0,Winter,0,16796.41379310345
963,15,2,2019,Friday,0,Winter,0,16796.41379310345
1386,16,2,2019,Saturday,0,Winter,0,16796.41379310345
957,17,2,2019,Sunday,0,Winter,0,16796.41379310345
820,18,2,2019,Monday,0,Winter,0,16796.41379310345
965,19,2,2019,Tuesday,0,Winter,0,16796.41379310345
986,20,2,2019,Wednesday,0,Winter,0,16796.41379310345
884,21,2,2019,Thursday,0,Winter,0,16796.41379310345
1072,22,2,2019,Friday,0,Winter,0,16796.41379310345
1306,23,2,2019,Saturday,0,Winter,0,16796.41379310345
996,24,2,2019,Sunday,0,Winter,0,16796.41379310345
846,25,2,2019,Monday,0,Winter,0,16796.41379310345
831,26,2,2019,Tuesday,0,Winter,0,16796.41379310345
895,27,2,2019,Wednesday,0,Winter,0,16796.41379310345
900,28,2,2019,Thursday,0,Winter,0,16796.41379310345
1157,1,3,2019,Friday,0,Winter,0,20525.322580645163
1647,2,3,2019,Saturday,0,Winter,0,20525.322580645163
1177,3,3,2019,Sunday,0,Winter,0,20525.322580645163
1524,4,3,2019,Monday,0,Winter,0,20525.322580645163
966,5,3,2019,Tuesday,0,Winter,0,20525.322580645163
840,6,3,2019,Wednesday,0,Winter,0,20525.322580645163
675,7,3,2019,Thursday,0,Winter,0,20525.322580645163
1142,8,3,2019,Friday,0,Winter,0,20525.322580645163
1483,9,3,2019,Saturday,0,Winter,0,20525.322580645163
1038,10,3,2019,Sunday,0,Winter,0,20525.322580645163
776,11,3,2019,Monday,0,Winter,0,20525.322580645163
645,12,3,2019,Tuesday,0,Winter,0,20525.322580645163
737,13,3,2019,Wednesday,0,Winter,0,20525.322580645163
686,14,3,2019,Thursday,0,Winter,0,20525.322580645163
787,15,3,2019,Friday,0,Winter,0,20525.322580645163
1151,16,3,2019,Saturday,0,Winter,0,20525.322580645163
786,17,3,2019,Sunday,0,Winter,0,20525.322580645163
758,18,3,2019,Monday,0,Winter,0,20525.322580645163
618,19,3,2019,Tuesday,0,Winter,0,20525.322580645163
546,20,3,2019,Wednesday,0,Spring,0,20525.322580645163
792,21,3,2019,Thursday,0,Spring,0,20525.322580645163
723,22,3,2019,Friday,0,Spring,0,20525.322580645163
1171,23,3,2019,Saturday,0,Spring,0,20525.322580645163
716,24,3,2019,Sunday,0,Spring,0,20525.322580645163
677,25,3,2019,Monday,0,Spring,0,20525.322580645163
602,26,3,2019,Tuesday,0,Spring,0,20525.322580645163
592,27,3,2019,Wednesday,0,Spring,0,20525.322580645163
771,28,3,2019,Thursday,0,Spring,0,20525.322580645163
927,29,3,2019,Friday,0,Spring,0,20525.322580645163
1050,30,3,2019,Saturday,0,Spring,0,20525.322580645163
900,31,3,2019,Sunday,0,Spring,0,20525.322580645163
810,1,4,2019,Monday,0,Spring,0,23264.166666666668
766,2,4,2019,Tuesday,0,Spring,0,23264.166666666668
819,3,4,2019,Wednesday,0,Spring,0,23264.166666666668
721,4,4,2019,Thursday,0,Spring,0,23264.166666666668
875,5,4,2019,Friday,0,Spring,0,23264.166666666668
1196,6,4,2019,Saturday,0,Spring,0,23264.166666666668
734,7,4,2019,Sunday,0,Spring,0,23264.166666666668
1152,8,4,2019,Monday,0,Spring,0,23264.166666666668
1188,9,4,2019,Tuesday,0,Spring,0,23264.166666666668
1168,10,4,2019,Wednesday,0,Spring,0,23264.166666666668
1169,11,4,2019,Thursday,0,Spring,0,23264.166666666668
1201,12,4,2019,Friday,0,Spring,0,23264.166666666668
1630,13,4,2019,Saturday,0,Spring,0,23264.166666666668
1112,14,4,2019,Sunday,0,Spring,1,23264.166666666668
1632,15,4,2019,Monday,0,Spring,1,23264.166666666668
1592,16,4,2019,Tuesday,0,Spring,1,23264.166666666668
1487,17,4,2019,Wednesday,0,Spring,1,23264.166666666668
1323,21,4,2019,Sunday,0,Spring,0,23264.166666666668
1533,22,4,2019,Monday,0,Spring,0,23264.166666666668
1549,23,4,2019,Tuesday,0,Spring,0,23264.166666666668
999,24,4,2019,Wednesday,0,Spring,0,23264.166666666668
1527,25,4,2019,Thursday,0,Spring,0,23264.166666666668
1397,26,4,2019,Friday,0,Spring,0,23264.166666666668
1286,27,4,2019,Saturday,0,Spring,0,23264.166666666668
849,28,4,2019,Sunday,0,Spring,0,23264.166666666668
1089,29,4,2019,Monday,0,Spring,0,23264.166666666668
1086,30,4,2019,Tuesday,0,Spring,0,23264.166666666668
1536,1,5,2019,Wednesday,0,Spring,0,25442.548387096773
1082,2,5,2019,Thursday,0,Spring,0,25442.548387096773
1141,3,5,2019,Friday,0,Spring,0,25442.548387096773
1370,4,5,2019,Saturday,0,Spring,0,25442.548387096773
1030,5,5,2019,Sunday,0,Spring,0,25442.548387096773
927,6,5,2019,Monday,0,Spring,0,25442.548387096773
814,7,5,2019,Tuesday,0,Spring,0,25442.548387096773
646,8,5,2019,Wednesday,0,Spring,0,25442.548387096773
842,9,5,2019,Thursday,0,Spring,0,25442.548387096773
908,10,5,2019,Friday,0,Spring,0,25442.548387096773
1093,11,5,2019,Saturday,0,Spring,0,25442.548387096773
633,12,5,2019,Sunday,0,Spring,0,25442.548387096773
629,13,5,2019,Monday,0,Spring,0,25442.548387096773
711,14,5,2019,Tuesday,0,Spring,0,25442.548387096773
636,15,5,2019,Wednesday,0,Spring,0,25442.548387096773
800,16,5,2019,Thursday,0,Spring,0,25442.548387096773
911,17,5,2019,Friday,0,Spring,0,25442.548387096773
1136,18,5,2019,Saturday,0,Spring,0,25442.548387096773
1143,19,5,2019,Sunday,0,Spring,0,25442.548387096773
991,20,5,2019,Monday,0,Spring,0,25442.548387096773
773,21,5,2019,Tuesday,0,Spring,0,25442.548387096773
733,22,5,2019,Wednesday,0,Spring,0,25442.548387096773
796,23,5,2019,Thursday,0,Spring,0,25442.548387096773
1056,24,5,2019,Friday,0,Spring,0,25442.548387096773
997,25,5,2019,Saturday,0,Spring,0,25442.548387096773
839,26,5,2019,Sunday,0,Spring,0,25442.548387096773
847,27,5,2019,Monday,0,Spring,0,25442.548387096773
931,28,5,2019,Tuesday,0,Spring,0,25442.548387096773
776,29,5,2019,Wednesday,0,Spring,0,25442.548387096773
959,30,5,2019,Thursday,0,Spring,0,25442.548387096773
1043,31,5,2019,Friday,0,Spring,0,25442.548387096773
1153,1,6,2019,Saturday,0,Spring,0,25937.166666666668
880,2,6,2019,Sunday,0,Spring,0,25937.166666666668
986,3,6,2019,Monday,0,Spring,0,25937.166666666668
988,4,6,2019,Tuesday,0,Spring,0,25937.166666666668
912,5,6,2019,Wednesday,0,Spring,1,25937.166666666668
828,6,6,2019,Thursday,0,Spring,1,25937.166666666668
1077,7,6,2019,Friday,0,Spring,1,25937.166666666668
1351,8,6,2019,Saturday,0,Spring,1,25937.166666666668
1122,9,6,2019,Sunday,0,Spring,1,25937.166666666668
1315,10,6,2019,Monday,0,Spring,1,25937.166666666668
1218,11,6,2019,Tuesday,0,Spring,1,25937.166666666668
1007,12,6,2019,Wednesday,0,Spring,1,25937.166666666668
1227,13,6,2019,Thursday,0,Spring,1,25937.166666666668
1227,14,6,2019,Friday,0,Spring,1,25937.166666666668
1441,15,6,2019,Saturday,0,Spring,1,25937.166666666668
980,16,6,2019,Sunday,0,Spring,1,25937.166666666668
1174,17,6,2019,Monday,0,Spring,1,25937.166666666668
1153,18,6,2019,Tuesday,0,Spring,1,25937.166666666668
1025,19,6,2019,Wednesday,0,Spring,1,25937.166666666668
1427,20,6,2019,Thursday,0,Spring,1,25937.166666666668
1244,21,6,2019,Friday,0,Summer,1,25937.166666666668
1191,22,6,2019,Saturday,0,Summer,1,25937.166666666668
1064,23,6,2019,Sunday,0,Summer,1,25937.166666666668
1201,24,6,2019,Monday,0,Summer,1,25937.166666666668
1109,25,6,2019,Tuesday,0,Summer,1,25937.166666666668
1144,26,6,2019,Wednesday,0,Summer,1,25937.166666666668
1191,27,6,2019,Thursday,0,Summer,1,25937.166666666668
1090,28,6,2019,Friday,0,Summer,1,25937.166666666668
1297,29,6,2019,Saturday,0,Summer,1,25937.166666666668
1179,30,6,2019,Sunday,0,Summer,1,25937.166666666668
1450,1,7,2019,Monday,0,Summer,1,25258.032258064515
1543,2,7,2019,Tuesday,0,Summer,1,25258.032258064515
1604,3,7,2019,Wednesday,0,Summer,1,25258.032258064515
1612,4,7,2019,Thursday,0,Summer,0,25258.032258064515
1556,5,7,2019,Friday,0,Summer,0,25258.032258064515
1502,7,7,2019,Sunday,0,Summer,0,25258.032258064515
1619,8,7,2019,Monday,0,Summer,0,25258.032258064515
1656,9,7,2019,Tuesday,0,Summer,0,25258.032258064515
1567,10,7,2019,Wednesday,0,Summer,0,25258.032258064515
1250,11,7,2019,Thursday,0,Summer,0,25258.032258064515
1534,14,7,2019,Sunday,0,Summer,0,25258.032258064515
1754,15,7,2019,Monday,0,Summer,0,25258.032258064515
1508,18,7,2019,Thursday,0,Summer,0,25258.032258064515
1689,19,7,2019,Friday,0,Summer,0,25258.032258064515
1477,20,7,2019,Saturday,0,Summer,0,25258.032258064515
1255,21,7,2019,Sunday,0,Summer,0,25258.032258064515
1615,22,7,2019,Monday,0,Summer,0,25258.032258064515
1589,23,7,2019,Tuesday,0,Summer,0,25258.032258064515
1476,24,7,2019,Wednesday,0,Summer,0,25258.032258064515
1251,28,7,2019,Sunday,0,Summer,0,25258.032258064515
1739,4,8,2019,Sunday,0,Summer,0,26868.58064516129
1600,25,8,2019,Sunday,0,Summer,0,26868.58064516129
1724,27,8,2019,Tuesday,0,Summer,0,26868.58064516129
1349,29,8,2019,Thursday,0,Summer,0,26868.58064516129
1503,30,8,2019,Friday,0,Summer,0,26868.58064516129
1669,31,8,2019,Saturday,0,Summer,0,26868.58064516129
1087,1,9,2019,Sunday,0,Summer,0,26821.43333333333
1580,2,9,2019,Monday,0,Summer,0,26821.43333333333
1419,3,9,2019,Tuesday,0,Summer,0,26821.43333333333
1410,4,9,2019,Wednesday,0,Summer,0,26821.43333333333
1434,5,9,2019,Thursday,0,Summer,0,26821.43333333333
1243,6,9,2019,Friday,0,Summer,0,26821.43333333333
1404,7,9,2019,Saturday,0,Summer,0,26821.43333333333
982,8,9,2019,Sunday,0,Summer,0,26821.43333333333
1431,9,9,2019,Monday,0,Summer,0,26821.43333333333
1603,10,9,2019,Tuesday,0,Summer,0,26821.43333333333
1118,11,9,2019,Wednesday,0,Summer,0,26821.43333333333
943,12,9,2019,Thursday,0,Summer,0,26821.43333333333
1209,13,9,2019,Friday,0,Summer,0,26821.43333333333
1193,14,9,2019,Saturday,0,Summer,0,26821.43333333333
944,15,9,2019,Sunday,0,Summer,0,26821.43333333333
1240,16,9,2019,Monday,0,Summer,0,26821.43333333333
1140,17,9,2019,Tuesday,0,Summer,0,26821.43333333333
1224,18,9,2019,Wednesday,0,Summer,0,26821.43333333333
1180,19,9,2019,Thursday,0,Summer,0,26821.43333333333
1292,20,9,2019,Friday,0,Summer,0,26821.43333333333
1084,21,9,2019,Saturday,0,Summer,0,26821.43333333333
1215,22,9,2019,Sunday,0,Autumn,0,26821.43333333333
1202,23,9,2019,Monday,0,Autumn,0,26821.43333333333
1184,24,9,2019,Tuesday,0,Autumn,0,26821.43333333333
1002,25,9,2019,Wednesday,0,Autumn,0,26821.43333333333
1100,26,9,2019,Thursday,0,Autumn,0,26821.43333333333
1187,27,9,2019,Friday,0,Autumn,0,26821.43333333333
1447,28,9,2019,Saturday,0,Autumn,0,26821.43333333333
1038,29,9,2019,Sunday,0,Autumn,0,26821.43333333333
1100,30,9,2019,Monday,0,Autumn,0,26821.43333333333
942,1,10,2019,Tuesday,0,Autumn,0,25032.225806451614
884,2,10,2019,Wednesday,0,Autumn,0,25032.225806451614
825,3,10,2019,Thursday,0,Autumn,0,25032.225806451614
1327,4,10,2019,Friday,0,Autumn,0,25032.225806451614
1271,6,10,2019,Sunday,0,Autumn,0,25032.225806451614
1009,7,10,2019,Monday,0,Autumn,0,25032.225806451614
890,8,10,2019,Tuesday,0,Autumn,0,25032.225806451614
1135,9,10,2019,Wednesday,0,Autumn,0,25032.225806451614
814,10,10,2019,Thursday,0,Autumn,0,25032.225806451614
1103,11,10,2019,Friday,0,Autumn,0,25032.225806451614
1687,12,10,2019,Saturday,0,Autumn,0,25032.225806451614
1127,13,10,2019,Sunday,0,Autumn,0,25032.225806451614
1095,14,10,2019,Monday,0,Autumn,0,25032.225806451614
1054,15,10,2019,Tuesday,0,Autumn,0,25032.225806451614
1085,16,10,2019,Wednesday,0,Autumn,0,25032.225806451614
914,17,10,2019,Thursday,0,Autumn,0,25032.225806451614
1116,18,10,2019,Friday,0,Autumn,0,25032.225806451614
1322,19,10,2019,Saturday,0,Autumn,0,25032.225806451614
1156,20,10,2019,Sunday,0,Autumn,0,25032.225806451614
1469,21,10,2019,Monday,0,Autumn,0,25032.225806451614
1332,22,10,2019,Tuesday,0,Autumn,0,25032.225806451614
1255,23,10,2019,Wednesday,0,Autumn,0,25032.225806451614
905,24,10,2019,Thursday,0,Autumn,0,25032.225806451614
1049,25,10,2019,Friday,0,Autumn,0,25032.225806451614
1605,26,10,2019,Saturday,0,Autumn,0,25032.225806451614
1334,27,10,2019,Sunday,0,Autumn,0,25032.225806451614
1026,28,10,2019,Monday,0,Autumn,0,25032.225806451614
961,29,10,2019,Tuesday,0,Autumn,0,25032.225806451614
843,30,10,2019,Wednesday,0,Autumn,0,25032.225806451614
973,31,10,2019,Thursday,0,Autumn,0,25032.225806451614
1577,1,11,2019,Friday,0,Autumn,0,20643.33333333333
1521,2,11,2019,Saturday,0,Autumn,0,20643.33333333333
929,3,11,2019,Sunday,0,Autumn,0,20643.33333333333
791,4,11,2019,Monday,0,Autumn,0,20643.33333333333
666,5,11,2019,Tuesday,0,Autumn,0,20643.33333333333
672,6,11,2019,Wednesday,0,Autumn,0,20643.33333333333
561,7,11,2019,Thursday,0,Autumn,0,20643.33333333333
756,8,11,2019,Friday,0,Autumn,0,20643.33333333333
1074,9,11,2019,Saturday,0,Autumn,0,20643.33333333333
894,10,11,2019,Sunday,0,Autumn,0,20643.33333333333
651,11,11,2019,Monday,0,Autumn,0,20643.33333333333
655,12,11,2019,Tuesday,0,Autumn,0,20643.33333333333
498,13,11,2019,Wednesday,0,Autumn,0,20643.33333333333
469,14,11,2019,Thursday,0,Autumn,0,20643.33333333333
778,15,11,2019,Friday,0,Autumn,1,20643.33333333333
1186,16,11,2019,Saturday,0,Autumn,1,20643.33333333333
517,17,11,2019,Sunday,0,Autumn,1,20643.33333333333
685,18,11,2019,Monday,0,Autumn,1,20643.33333333333
387,19,11,2019,Tuesday,0,Autumn,1,20643.33333333333
467,20,11,2019,Wednesday,0,Autumn,1,20643.33333333333
573,21,11,2019,Thursday,0,Autumn,1,20643.33333333333
610,22,11,2019,Friday,0,Autumn,1,20643.33333333333
1151,23,11,2019,Saturday,0,Autumn,1,20643.33333333333
568,24,11,2019,Sunday,0,Autumn,1,20643.33333333333
589,25,11,2019,Monday,0,Autumn,1,20643.33333333333
351,26,11,2019,Tuesday,0,Autumn,1,20643.33333333333
563,27,11,2019,Wednesday,0,Autumn,1,20643.33333333333
629,28,11,2019,Thursday,0,Autumn,1,20643.33333333333
1204,1,12,2019,Sunday,0,Autumn,1,17848.1935483871
809,2,12,2019,Monday,0,Autumn,1,17848.1935483871
499,3,12,2019,Tuesday,0,Autumn,1,17848.1935483871
619,4,12,2019,Wednesday,0,Autumn,1,17848.1935483871
738,5,12,2019,Thursday,0,Autumn,1,17848.1935483871
1528,6,12,2019,Friday,0,Autumn,1,17848.1935483871
1476,8,12,2019,Sunday,0,Autumn,1,17848.1935483871
670,9,12,2019,Monday,0,Autumn,1,17848.1935483871
604,10,12,2019,Tuesday,0,Autumn,1,17848.1935483871
589,11,12,2019,Wednesday,0,Autumn,1,17848.1935483871
421,12,12,2019,Thursday,0,Autumn,1,17848.1935483871
920,13,12,2019,Friday,0,Autumn,1,17848.1935483871
1710,14,12,2019,Saturday,0,Autumn,1,17848.1935483871
850,15,12,2019,Sunday,0,Autumn,1,17848.1935483871
402,16,12,2019,Monday,0,Autumn,1,17848.1935483871
715,17,12,2019,Tuesday,0,Autumn,1,17848.1935483871
526,18,12,2019,Wednesday,0,Autumn,1,17848.1935483871
248,19,12,2019,Thursday,0,Autumn,1,17848.1935483871
547,20,12,2019,Friday,0,Autumn,1,17848.1935483871
1208,21,12,2019,Saturday,0,Winter,1,17848.1935483871
1586,23,12,2019,Monday,0,Winter,1,17848.1935483871
1064,24,12,2019,Tuesday,0,Winter,1,17848.1935483871
1599,31,12,2019,Tuesday,0,Winter,1,17848.1935483871
1558,5,1,2020,Sunday,0,Winter,1,16485.1935483871
931,6,1,2020,Monday,0,Winter,1,16485.1935483871
783,7,1,2020,Tuesday,0,Winter,1,16485.1935483871
756,8,1,2020,Wednesday,0,Winter,1,16485.1935483871
641,9,1,2020,Thursday,0,Winter,1,16485.1935483871
830,10,1,2020,Friday,0,Winter,1,16485.1935483871
1257,11,1,2020,Saturday,0,Winter,1,16485.1935483871
884,12,1,2020,Sunday,0,Winter,1,16485.1935483871
724,13,1,2020,Monday,0,Winter,1,16485.1935483871
437,14,1,2020,Tuesday,0,Winter,1,16485.1935483871
551,15,1,2020,Wednesday,0,Winter,1,16485.1935483871
505,16,1,2020,Thursday,0,Winter,1,16485.1935483871
763,17,1,2020,Friday,0,Winter,1,16485.1935483871
1100,18,1,2020,Saturday,0,Winter,1,16485.1935483871
945,19,1,2020,Sunday,0,Winter,1,16485.1935483871
628,20,1,2020,Monday,0,Winter,1,16485.1935483871
531,21,1,2020,Tuesday,0,Winter,1,16485.1935483871
614,22,1,2020,Wednesday,0,Winter,1,16485.1935483871
676,23,1,2020,Thursday,0,Winter,1,16485.1935483871
658,24,1,2020,Friday,0,Winter,1,16485.1935483871
1139,25,1,2020,Saturday,0,Winter,1,16485.1935483871
728,26,1,2020,Sunday,0,Winter,1,16485.1935483871
623,27,1,2020,Monday,0,Winter,1,16485.1935483871
666,28,1,2020,Tuesday,0,Winter,1,16485.1935483871
855,29,1,2020,Wednesday,0,Winter,1,16485.1935483871
469,30,1,2020,Thursday,0,Winter,1,16485.1935483871
628,31,1,2020,Friday,0,Winter,1,16485.1935483871
1042,1,2,2020,Saturday,0,Winter,0,18125.071428571428
872,2,2,2020,Sunday,0,Winter,0,18125.071428571428
726,3,2,2020,Monday,0,Winter,0,18125.071428571428
657,4,2,2020,Tuesday,0,Winter,0,18125.071428571428
656,5,2,2020,Wednesday,0,Winter,0,18125.071428571428
619,6,2,2020,Thursday,0,Winter,0,18125.071428571428
788,7,2,2020,Friday,0,Winter,0,18125.071428571428
1102,8,2,2020,Saturday,0,Winter,0,18125.071428571428
964,9,2,2020,Sunday,0,Winter,0,18125.071428571428
757,10,2,2020,Monday,0,Winter,0,18125.071428571428
822,11,2,2020,Tuesday,0,Winter,0,18125.071428571428
784,12,2,2020,Wednesday,0,Winter,0,18125.071428571428
728,13,2,2020,Thursday,0,Winter,0,18125.071428571428
941,14,2,2020,Friday,0,Winter,0,18125.071428571428
1279,15,2,2020,Saturday,0,Winter,0,18125.071428571428
1076,16,2,2020,Sunday,0,Winter,0,18125.071428571428
949,17,2,2020,Monday,0,Winter,0,18125.071428571428
860,18,2,2020,Tuesday,0,Winter,0,18125.071428571428
969,19,2,2020,Wednesday,0,Winter,0,18125.071428571428
772,20,2,2020,Thursday,0,Winter,0,18125.071428571428
1101,21,2,2020,Friday,0,Winter,0,18125.071428571428
1537,22,2,2020,Saturday,0,Winter,0,18125.071428571428
1267,23,2,2020,Sunday,0,Winter,0,18125.071428571428
1555,24,2,2020,Monday,0,Winter,0,18125.071428571428
1436,25,2,2020,Tuesday,0,Winter,0,18125.071428571428
1085,26,2,2020,Wednesday,0,Winter,0,18125.071428571428
1039,27,2,2020,Thursday,0,Winter,0,18125.071428571428
1327,28,2,2020,Friday,0,Winter,0,18125.071428571428
1206,29,2,2020,Saturday,0,Winter,0,18125.071428571428
776,1,3,2020,Sunday,1,Winter,0,7174.903225806452
720,2,3,2020,Monday,1,Winter,0,7174.903225806452
614,3,3,2020,Tuesday,1,Winter,0,7174.903225806452
636,4,3,2020,Wednesday,1,Winter,0,7174.903225806452
515,5,3,2020,Thursday,1,Winter,0,7174.903225806452
661,6,3,2020,Friday,1,Winter,0,7174.903225806452
891,7,3,2020,Saturday,1,Winter,0,7174.903225806452
705,8,3,2020,Sunday,1,Winter,0,7174.903225806452
690,9,3,2020,Monday,1,Winter,0,7174.903225806452
510,10,3,2020,Tuesday,1,Winter,0,7174.903225806452
423,11,3,2020,Wednesday,1,Winter,0,7174.903225806452
417,12,3,2020,Thursday,1,Winter,0,7174.903225806452
367,13,3,2020,Friday,1,Winter,0,7174.903225806452
463,14,3,2020,Saturday,1,Winter,0,7174.903225806452
280,16,3,2020,Monday,1,Winter,0,7174.903225806452
138,17,3,2020,Tuesday,1,Winter,0,7174.903225806452
84,18,3,2020,Wednesday,1,Winter,0,7174.903225806452
11,4,5,2020,Monday,1,Spring,0,1023.451612903226
71,6,5,2020,Wednesday,1,Spring,0,1023.451612903226
43,7,5,2020,Thursday,1,Spring,0,1023.451612903226
28,8,5,2020,Friday,1,Spring,0,1023.451612903226
97,9,5,2020,Saturday,1,Spring,0,1023.451612903226
80,11,5,2020,Monday,1,Spring,0,1023.451612903226
63,12,5,2020,Tuesday,1,Spring,0,1023.451612903226
27,13,5,2020,Wednesday,1,Spring,0,1023.451612903226
34,14,5,2020,Thursday,1,Spring,0,1023.451612903226
49,15,5,2020,Friday,1,Spring,0,1023.451612903226
123,16,5,2020,Saturday,1,Spring,0,1023.451612903226
117,18,5,2020,Monday,1,Spring,0,1023.451612903226
104,19,5,2020,Tuesday,1,Spring,0,1023.451612903226
145,20,5,2020,Wednesday,1,Spring,0,1023.451612903226
106,21,5,2020,Thursday,1,Spring,0,1023.451612903226
93,22,5,2020,Friday,1,Spring,0,1023.451612903226
261,23,5,2020,Saturday,1,Spring,0,1023.451612903226
138,25,5,2020,Monday,1,Spring,0,1023.451612903226
130,26,5,2020,Tuesday,1,Spring,0,1023.451612903226
85,27,5,2020,Wednesday,1,Spring,0,1023.451612903226
93,28,5,2020,Thursday,1,Spring,0,1023.451612903226
100,29,5,2020,Friday,1,Spring,0,1023.451612903226
229,30,5,2020,Saturday,1,Spring,0,1023.451612903226
227,1,6,2020,Monday,1,Spring,0,2375.833333333333
140,2,6,2020,Tuesday,1,Spring,0,2375.833333333333
135,3,6,2020,Wednesday,1,Spring,0,2375.833333333333
147,4,6,2020,Thursday,1,Spring,0,2375.833333333333
165,5,6,2020,Friday,1,Spring,1,2375.833333333333
273,6,6,2020,Saturday,1,Spring,1,2375.833333333333
173,8,6,2020,Monday,1,Spring,1,2375.833333333333
155,9,6,2020,Tuesday,1,Spring,1,2375.833333333333
211,10,6,2020,Wednesday,1,Spring,1,2375.833333333333
160,11,6,2020,Thursday,1,Spring,1,2375.833333333333
179,12,6,2020,Friday,1,Spring,1,2375.833333333333
259,13,6,2020,Saturday,1,Spring,1,2375.833333333333
117,15,6,2020,Monday,1,Spring,1,2375.833333333333
106,16,6,2020,Tuesday,1,Spring,1,2375.833333333333
106,17,6,2020,Wednesday,1,Spring,1,2375.833333333333
104,18,6,2020,Thursday,1,Spring,1,2375.833333333333
109,19,6,2020,Friday,1,Spring,1,2375.833333333333
217,20,6,2020,Saturday,1,Spring,0,2375.833333333333
64,22,6,2020,Monday,1,Summer,0,2375.833333333333
60,23,6,2020,Tuesday,1,Summer,0,2375.833333333333
75,24,6,2020,Wednesday,1,Summer,0,2375.833333333333
131,25,6,2020,Thursday,1,Summer,0,2375.833333333333
104,26,6,2020,Friday,1,Summer,0,2375.833333333333
205,27,6,2020,Saturday,1,Summer,0,2375.833333333333
113,29,6,2020,Monday,1,Summer,0,2375.833333333333
105,30,6,2020,Tuesday,1,Summer,0,2375.833333333333
106,1,7,2020,Wednesday,1,Summer,0,4863.354838709677
110,2,7,2020,Thursday,1,Summer,0,4863.354838709677
102,3,7,2020,Friday,1,Summer,0,4863.354838709677
166,4,7,2020,Saturday,1,Summer,0,4863.354838709677
114,5,7,2020,Sunday,1,Summer,0,4863.354838709677
108,6,7,2020,Monday,1,Summer,0,4863.354838709677
103,7,7,2020,Tuesday,1,Summer,0,4863.354838709677
153,8,7,2020,Wednesday,1,Summer,0,4863.354838709677
136,9,7,2020,Thursday,1,Summer,0,4863.354838709677
118,10,7,2020,Friday,1,Summer,0,4863.354838709677
150,11,7,2020,Saturday,1,Summer,0,4863.354838709677
102,12,7,2020,Sunday,1,Summer,0,4863.354838709677
120,13,7,2020,Monday,1,Summer,0,4863.354838709677
107,14,7,2020,Tuesday,1,Summer,0,4863.354838709677
117,15,7,2020,Wednesday,1,Summer,0,4863.354838709677
136,16,7,2020,Thursday,1,Summer,0,4863.354838709677
92,17,7,2020,Friday,1,Summer,0,4863.354838709677
128,18,7,2020,Saturday,1,Summer,0,4863.354838709677
154,19,7,2020,Sunday,1,Summer,0,4863.354838709677
173,20,7,2020,Monday,1,Summer,0,4863.354838709677
162,21,7,2020,Tuesday,1,Summer,0,4863.354838709677
133,22,7,2020,Wednesday,1,Summer,0,4863.354838709677
164,23,7,2020,Thursday,1,Summer,0,4863.354838709677
170,24,7,2020,Friday,1,Summer,0,4863.354838709677
245,25,7,2020,Saturday,1,Summer,0,4863.354838709677
117,26,7,2020,Sunday,1,Summer,0,4863.354838709677
211,27,7,2020,Monday,1,Summer,0,4863.354838709677
202,28,7,2020,Tuesday,1,Summer,0,4863.354838709677
194,29,7,2020,Wednesday,1,Summer,0,4863.354838709677
205,30,7,2020,Thursday,1,Summer,0,4863.354838709677
191,31,7,2020,Friday,1,Summer,0,4863.354838709677
267,1,8,2020,Saturday,1,Summer,0,8785.129032258064
171,2,8,2020,Sunday,1,Summer,0,8785.129032258064
371,3,8,2020,Monday,1,Summer,0,8785.129032258064
243,4,8,2020,Tuesday,1,Summer,0,8785.129032258064
213,5,8,2020,Wednesday,1,Summer,0,8785.129032258064
258,6,8,2020,Thursday,1,Summer,0,8785.129032258064
270,7,8,2020,Friday,1,Summer,0,8785.129032258064
304,8,8,2020,Saturday,1,Summer,0,8785.129032258064
261,9,8,2020,Sunday,1,Summer,0,8785.129032258064
387,10,8,2020,Monday,1,Summer,0,8785.129032258064
407,11,8,2020,Tuesday,1,Summer,0,8785.129032258064
432,12,8,2020,Wednesday,1,Summer,0,8785.129032258064
415,13,8,2020,Thursday,1,Summer,0,8785.129032258064
420,14,8,2020,Friday,1,Summer,0,8785.129032258064
447,15,8,2020,Saturday,1,Summer,0,8785.129032258064
369,16,8,2020,Sunday,1,Summer,0,8785.129032258064
565,17,8,2020,Monday,1,Summer,0,8785.129032258064
404,18,8,2020,Tuesday,1,Summer,0,8785.129032258064
305,19,8,2020,Wednesday,1,Summer,0,8785.129032258064
492,20,8,2020,Thursday,1,Summer,0,8785.129032258064
359,21,8,2020,Friday,1,Summer,0,8785.129032258064
329,22,8,2020,Saturday,1,Summer,0,8785.129032258064
333,23,8,2020,Sunday,1,Summer,0,8785.129032258064
286,24,8,2020,Monday,1,Summer,0,8785.129032258064
265,25,8,2020,Tuesday,1,Summer,0,8785.129032258064
254,26,8,2020,Wednesday,1,Summer,0,8785.129032258064
307,27,8,2020,Thursday,1,Summer,0,8785.129032258064
284,28,8,2020,Friday,1,Summer,0,8785.129032258064
418,29,8,2020,Saturday,1,Summer,0,8785.129032258064
322,30,8,2020,Sunday,1,Summer,0,8785.129032258064
221,31,8,2020,Monday,1,Summer,0,8785.129032258064
286,1,9,2020,Tuesday,1,Summer,0,7740.966666666666
288,2,9,2020,Wednesday,1,Summer,0,7740.966666666666
162,3,9,2020,Thursday,1,Summer,0,7740.966666666666
199,4,9,2020,Friday,1,Summer,0,7740.966666666666
267,5,9,2020,Saturday,1,Summer,0,7740.966666666666
187,6,9,2020,Sunday,1,Summer,0,7740.966666666666
243,7,9,2020,Monday,1,Summer,0,7740.966666666666
169,8,9,2020,Tuesday,1,Summer,0,7740.966666666666
246,9,9,2020,Wednesday,1,Summer,0,7740.966666666666
171,10,9,2020,Thursday,1,Summer,0,7740.966666666666
204,11,9,2020,Friday,1,Summer,0,7740.966666666666
286,12,9,2020,Saturday,1,Summer,0,7740.966666666666
229,13,9,2020,Sunday,1,Summer,0,7740.966666666666
219,14,9,2020,Monday,1,Summer,0,7740.966666666666
206,15,9,2020,Tuesday,1,Summer,0,7740.966666666666
179,16,9,2020,Wednesday,1,Summer,0,7740.966666666666
196,17,9,2020,Thursday,1,Summer,0,7740.966666666666
157,18,9,2020,Friday,1,Summer,0,7740.966666666666
345,19,9,2020,Saturday,1,Summer,0,7740.966666666666
234,20,9,2020,Sunday,1,Summer,0,7740.966666666666
194,21,9,2020,Monday,1,Summer,0,7740.966666666666
166,22,9,2020,Tuesday,1,Autumn,0,7740.966666666666
157,23,9,2020,Wednesday,1,Autumn,0,7740.966666666666
198,24,9,2020,Thursday,1,Autumn,0,7740.966666666666
162,25,9,2020,Friday,1,Autumn,0,7740.966666666666
324,26,9,2020,Saturday,1,Autumn,0,7740.966666666666
244,27,9,2020,Sunday,1,Autumn,0,7740.966666666666
201,28,9,2020,Monday,1,Autumn,0,7740.966666666666
142,29,9,2020,Tuesday,1,Autumn,0,7740.966666666666
149,30,9,2020,Wednesday,1,Autumn,0,7740.966666666666
146,1,10,2020,Thursday,1,Autumn,0,6208.677419354839
136,2,10,2020,Friday,1,Autumn,0,6208.677419354839
351,3,10,2020,Saturday,1,Autumn,0,6208.677419354839
238,4,10,2020,Sunday,1,Autumn,0,6208.677419354839
270,5,10,2020,Monday,1,Autumn,0,6208.677419354839
143,6,10,2020,Tuesday,1,Autumn,0,6208.677419354839
134,7,10,2020,Wednesday,1,Autumn,0,6208.677419354839
125,8,10,2020,Thursday,1,Autumn,0,6208.677419354839
110,9,10,2020,Friday,1,Autumn,0,6208.677419354839
319,10,10,2020,Saturday,1,Autumn,0,6208.677419354839
239,11,10,2020,Sunday,1,Autumn,0,6208.677419354839
162,12,10,2020,Monday,1,Autumn,0,6208.677419354839
101,13,10,2020,Tuesday,1,Autumn,0,6208.677419354839
103,14,10,2020,Wednesday,1,Autumn,0,6208.677419354839
105,15,10,2020,Thursday,1,Autumn,0,6208.677419354839
116,16,10,2020,Friday,1,Autumn,0,6208.677419354839
279,17,10,2020,Saturday,1,Autumn,0,6208.677419354839
209,18,10,2020,Sunday,1,Autumn,0,6208.677419354839
77,19,10,2020,Monday,1,Autumn,0,6208.677419354839
48,20,10,2020,Tuesday,1,Autumn,0,6208.677419354839
109,21,10,2020,Wednesday,1,Autumn,0,6208.677419354839
152,22,10,2020,Thursday,1,Autumn,0,6208.677419354839
134,23,10,2020,Friday,1,Autumn,0,6208.677419354839
234,24,10,2020,Saturday,1,Autumn,0,6208.677419354839
114,25,10,2020,Sunday,1,Autumn,0,6208.677419354839
149,26,10,2020,Monday,1,Autumn,0,6208.677419354839
207,27,10,2020,Tuesday,1,Autumn,0,6208.677419354839
119,28,10,2020,Wednesday,1,Autumn,0,6208.677419354839
128,29,10,2020,Thursday,1,Autumn,0,6208.677419354839
122,30,10,2020,Friday,1,Autumn,0,6208.677419354839
198,31,10,2020,Saturday,1,Autumn,0,6208.677419354839
149,1,11,2020,Sunday,1,Autumn,0,3431.333333333333
85,2,11,2020,Monday,1,Autumn,0,3431.333333333333
105,3,11,2020,Tuesday,1,Autumn,0,3431.333333333333
78,4,11,2020,Wednesday,1,Autumn,0,3431.333333333333
84,5,11,2020,Thursday,1,Autumn,0,3431.333333333333
56,6,11,2020,Friday,1,Autumn,0,3431.333333333333
172,7,11,2020,Saturday,1,Autumn,0,3431.333333333333
148,8,11,2020,Sunday,1,Autumn,0,3431.333333333333
71,9,11,2020,Monday,1,Autumn,0,3431.333333333333
75,10,11,2020,Tuesday,1,Autumn,0,3431.333333333333
73,11,11,2020,Wednesday,1,Autumn,0,3431.333333333333
70,12,11,2020,Thursday,1,Autumn,0,3431.333333333333
101,13,11,2020,Friday,1,Autumn,0,3431.333333333333
39,14,11,2020,Saturday,1,Autumn,0,3431.333333333333
27,15,11,2020,Sunday,1,Autumn,1,3431.333333333333
91,16,11,2020,Monday,1,Autumn,1,3431.333333333333
67,17,11,2020,Tuesday,1,Autumn,1,3431.333333333333
75,18,11,2020,Wednesday,1,Autumn,1,3431.333333333333
81,19,11,2020,Thursday,1,Autumn,1,3431.333333333333
87,20,11,2020,Friday,1,Autumn,1,3431.333333333333
55,21,11,2020,Saturday,1,Autumn,1,3431.333333333333
67,22,11,2020,Sunday,1,Autumn,1,3431.333333333333
132,23,11,2020,Monday,1,Autumn,1,3431.333333333333
88,24,11,2020,Tuesday,1,Autumn,1,3431.333333333333
92,25,11,2020,Wednesday,1,Autumn,1,3431.333333333333
210,26,11,2020,Thursday,1,Autumn,1,3431.333333333333
379,27,11,2020,Friday,1,Autumn,1,3431.333333333333
104,28,11,2020,Saturday,1,Autumn,1,3431.333333333333
104,29,11,2020,Sunday,1,Autumn,1,3431.333333333333
124,30,11,2020,Monday,1,Autumn,1,3431.333333333333
92,1,12,2020,Tuesday,1,Autumn,1,3985.935483870968
164,2,12,2020,Wednesday,1,Autumn,1,3985.935483870968
138,3,12,2020,Thursday,1,Autumn,1,3985.935483870968
69,4,12,2020,Friday,1,Autumn,1,3985.935483870968
67,5,12,2020,Saturday,1,Autumn,1,3985.935483870968
71,6,12,2020,Sunday,1,Autumn,1,3985.935483870968
113,7,12,2020,Monday,1,Autumn,1,3985.935483870968
77,8,12,2020,Tuesday,1,Autumn,1,3985.935483870968
124,9,12,2020,Wednesday,1,Autumn,1,3985.935483870968
91,10,12,2020,Thursday,1,Autumn,1,3985.935483870968
134,11,12,2020,Friday,1,Autumn,1,3985.935483870968
89,12,12,2020,Saturday,1,Autumn,1,3985.935483870968
75,13,12,2020,Sunday,1,Autumn,1,3985.935483870968
140,14,12,2020,Monday,1,Autumn,1,3985.935483870968
193,15,12,2020,Tuesday,1,Autumn,1,3985.935483870968
126,16,12,2020,Wednesday,1,Autumn,1,3985.935483870968
203,17,12,2020,Thursday,1,Autumn,1,3985.935483870968
231,18,12,2020,Friday,1,Autumn,1,3985.935483870968
144,19,12,2020,Saturday,1,Autumn,1,3985.935483870968
135,20,12,2020,Sunday,1,Autumn,1,3985.935483870968
424,21,12,2020,Monday,1,Winter,1,3985.935483870968
429,22,12,2020,Tuesday,1,Winter,1,3985.935483870968
364,23,12,2020,Wednesday,1,Winter,1,3985.935483870968
204,24,12,2020,Thursday,1,Winter,1,3985.935483870968
124,26,12,2020,Saturday,1,Winter,1,3985.935483870968
71,27,12,2020,Sunday,1,Winter,1,3985.935483870968
460,28,12,2020,Monday,1,Winter,1,3985.935483870968
397,29,12,2020,Tuesday,1,Winter,1,3985.935483870968
413,30,12,2020,Wednesday,1,Winter,1,3985.935483870968
216,31,12,2020,Thursday,1,Winter,1,3985.935483870968
112,2,1,2021,Saturday,1,Winter,1,2741.0
74,3,1,2021,Sunday,1,Winter,1,2741.0
206,4,1,2021,Monday,1,Winter,1,2741.0
161,5,1,2021,Tuesday,1,Winter,1,2741.0
156,6,1,2021,Wednesday,1,Winter,1,2741.0
165,7,1,2021,Thursday,1,Winter,1,2741.0
140,8,1,2021,Friday,1,Winter,1,2741.0
84,9,1,2021,Saturday,1,Winter,1,2741.0
79,10,1,2021,Sunday,1,Winter,1,2741.0
155,11,1,2021,Monday,1,Winter,1,2741.0
139,12,1,2021,Tuesday,1,Winter,1,2741.0
155,13,1,2021,Wednesday,1,Winter,1,2741.0
114,14,1,2021,Thursday,1,Winter,1,2741.0
24,12,2,2021,Friday,1,Winter,0,2001.142857142857
13,19,3,2021,Friday,1,Winter,0,2370.903225806452
29,31,3,2021,Wednesday,1,Spring,1,2370.903225806452
20,1,4,2021,Thursday,1,Spring,1,3688.133333333333
289,5,4,2021,Monday,1,Spring,0,3688.133333333333
229,6,4,2021,Tuesday,1,Spring,0,3688.133333333333
212,7,4,2021,Wednesday,1,Spring,0,3688.133333333333
170,8,4,2021,Thursday,1,Spring,0,3688.133333333333
229,9,4,2021,Friday,1,Spring,0,3688.133333333333
110,10,4,2021,Saturday,1,Spring,0,3688.133333333333
162,12,4,2021,Monday,1,Spring,0,3688.133333333333
110,13,4,2021,Tuesday,1,Spring,0,3688.133333333333
109,14,4,2021,Wednesday,1,Spring,0,3688.133333333333
113,15,4,2021,Thursday,1,Spring,0,3688.133333333333
165,16,4,2021,Friday,1,Spring,0,3688.133333333333
105,17,4,2021,Saturday,1,Spring,0,3688.133333333333
133,19,4,2021,Monday,1,Spring,0,3688.133333333333
114,20,4,2021,Tuesday,1,Spring,0,3688.133333333333
114,21,4,2021,Wednesday,1,Spring,0,3688.133333333333
105,22,4,2021,Thursday,1,Spring,0,3688.133333333333
105,23,4,2021,Friday,1,Spring,0,3688.133333333333
89,24,4,2021,Saturday,1,Spring,0,3688.133333333333
91,26,4,2021,Monday,1,Spring,0,3688.133333333333
98,27,4,2021,Tuesday,1,Spring,0,3688.133333333333
100,28,4,2021,Wednesday,1,Spring,0,3688.133333333333
123,29,4,2021,Thursday,1,Spring,0,3688.133333333333
171,30,4,2021,Friday,1,Spring,0,3688.133333333333
320,1,5,2021,Saturday,1,Spring,0,6484.354838709677
127,3,5,2021,Monday,1,Spring,0,6484.354838709677
136,4,5,2021,Tuesday,1,Spring,0,6484.354838709677
132,5,5,2021,Wednesday,1,Spring,0,6484.354838709677
126,6,5,2021,Thursday,1,Spring,0,6484.354838709677
139,7,5,2021,Friday,1,Spring,0,6484.354838709677
294,8,5,2021,Saturday,1,Spring,0,6484.354838709677
106,10,5,2021,Monday,1,Spring,0,6484.354838709677
107,11,5,2021,Tuesday,1,Spring,0,6484.354838709677
107,12,5,2021,Wednesday,1,Spring,0,6484.354838709677
148,13,5,2021,Thursday,1,Spring,0,6484.354838709677
180,14,5,2021,Friday,1,Spring,0,6484.354838709677
294,15,5,2021,Saturday,1,Spring,0,6484.354838709677
149,17,5,2021,Monday,1,Spring,0,6484.354838709677
148,18,5,2021,Tuesday,1,Spring,0,6484.354838709677
122,19,5,2021,Wednesday,1,Spring,0,6484.354838709677
92,20,5,2021,Thursday,1,Spring,0,6484.354838709677
150,21,5,2021,Friday,1,Spring,0,6484.354838709677
325,22,5,2021,Saturday,1,Spring,0,6484.354838709677
197,24,5,2021,Monday,1,Spring,0,6484.354838709677
121,25,5,2021,Tuesday,1,Spring,0,6484.354838709677
131,26,5,2021,Wednesday,1,Spring,0,6484.354838709677
152,27,5,2021,Thursday,1,Spring,0,6484.354838709677
197,28,5,2021,Friday,1,Spring,0,6484.354838709677
264,29,5,2021,Saturday,1,Spring,0,6484.354838709677
200,31,5,2021,Monday,1,Spring,0,6484.354838709677
197,1,6,2021,Tuesday,1,Spring,0,8326.8
154,2,6,2021,Wednesday,1,Spring,0,8326.8
357,3,6,2021,Thursday,1,Spring,0,8326.8
238,4,6,2021,Friday,1,Spring,0,8326.8
296,5,6,2021,Saturday,1,Spring,1,8326.8
180,6,6,2021,Sunday,1,Spring,1,8326.8
201,7,6,2021,Monday,1,Spring,1,8326.8
191,8,6,2021,Tuesday,1,Spring,1,8326.8
137,9,6,2021,Wednesday,1,Spring,1,8326.8
222,10,6,2021,Thursday,1,Spring,1,8326.8
200,11,6,2021,Friday,1,Spring,1,8326.8
268,12,6,2021,Saturday,1,Spring,1,8326.8
170,13,6,2021,Sunday,1,Spring,1,8326.8
189,14,6,2021,Monday,1,Spring,1,8326.8
156,15,6,2021,Tuesday,1,Spring,1,8326.8
155,16,6,2021,Wednesday,1,Spring,1,8326.8
185,17,6,2021,Thursday,1,Spring,1,8326.8
193,18,6,2021,Friday,1,Spring,1,8326.8
206,19,6,2021,Saturday,1,Spring,1,8326.8
207,20,6,2021,Sunday,1,Spring,0,8326.8
257,21,6,2021,Monday,1,Summer,0,8326.8
197,22,6,2021,Tuesday,1,Summer,0,8326.8
185,23,6,2021,Wednesday,1,Summer,0,8326.8
172,24,6,2021,Thursday,1,Summer,0,8326.8
220,25,6,2021,Friday,1,Summer,0,8326.8
150,26,6,2021,Saturday,1,Summer,0,8326.8
160,27,6,2021,Sunday,1,Summer,0,8326.8
254,28,6,2021,Monday,1,Summer,0,8326.8
256,29,6,2021,Tuesday,1,Summer,0,8326.8
216,30,6,2021,Wednesday,1,Summer,0,8326.8
243,1,7,2021,Thursday,1,Summer,0,9238.032258064515
247,2,7,2021,Friday,1,Summer,0,9238.032258064515
178,3,7,2021,Saturday,1,Summer,0,9238.032258064515
129,4,7,2021,Sunday,1,Summer,0,9238.032258064515
276,5,7,2021,Monday,1,Summer,0,9238.032258064515
247,6,7,2021,Tuesday,1,Summer,0,9238.032258064515
233,7,7,2021,Wednesday,1,Summer,0,9238.032258064515
287,8,7,2021,Thursday,1,Summer,0,9238.032258064515
228,9,7,2021,Friday,1,Summer,0,9238.032258064515
122,10,7,2021,Saturday,1,Summer,0,9238.032258064515
110,11,7,2021,Sunday,1,Summer,0,9238.032258064515
319,12,7,2021,Monday,1,Summer,0,9238.032258064515
237,13,7,2021,Tuesday,1,Summer,0,9238.032258064515
244,14,7,2021,Wednesday,1,Summer,0,9238.032258064515
205,15,7,2021,Thursday,1,Summer,0,9238.032258064515
248,16,7,2021,Friday,1,Summer,0,9238.032258064515
155,17,7,2021,Saturday,1,Summer,0,9238.032258064515
166,18,7,2021,Sunday,1,Summer,0,9238.032258064515
337,19,7,2021,Monday,1,Summer,0,9238.032258064515
304,20,7,2021,Tuesday,1,Summer,0,9238.032258064515
269,21,7,2021,Wednesday,1,Summer,0,9238.032258064515
320,22,7,2021,Thursday,1,Summer,0,9238.032258064515
293,23,7,2021,Friday,1,Summer,0,9238.032258064515
149,24,7,2021,Saturday,1,Summer,0,9238.032258064515
187,25,7,2021,Sunday,1,Summer,0,9238.032258064515
346,26,7,2021,Monday,1,Summer,0,9238.032258064515
314,27,7,2021,Tuesday,1,Summer,0,9238.032258064515
329,28,7,2021,Wednesday,1,Summer,0,9238.032258064515
261,29,7,2021,Thursday,1,Summer,0,9238.032258064515
324,30,7,2021,Friday,1,Summer,0,9238.032258064515
217,31,7,2021,Saturday,1,Summer,0,9238.032258064515
295,1,8,2021,Sunday,1,Summer,0,15500.193548387097
366,2,8,2021,Monday,1,Summer,0,15500.193548387097
339,3,8,2021,Tuesday,1,Summer,0,15500.193548387097
387,4,8,2021,Wednesday,1,Summer,0,15500.193548387097
337,5,8,2021,Thursday,1,Summer,0,15500.193548387097
371,6,8,2021,Friday,1,Summer,0,15500.193548387097
346,7,8,2021,Saturday,1,Summer,0,15500.193548387097
303,8,8,2021,Sunday,1,Summer,0,15500.193548387097
510,9,8,2021,Monday,1,Summer,0,15500.193548387097
391,10,8,2021,Tuesday,1,Summer,0,15500.193548387097
449,11,8,2021,Wednesday,1,Summer,0,15500.193548387097
388,12,8,2021,Thursday,1,Summer,0,15500.193548387097
365,13,8,2021,Friday,1,Summer,0,15500.193548387097
289,14,8,2021,Saturday,1,Summer,0,15500.193548387097
301,15,8,2021,Sunday,1,Summer,0,15500.193548387097
431,16,8,2021,Monday,1,Summer,0,15500.193548387097
398,17,8,2021,Tuesday,1,Summer,0,15500.193548387097
383,18,8,2021,Wednesday,1,Summer,0,15500.193548387097
379,19,8,2021,Thursday,1,Summer,0,15500.193548387097
389,20,8,2021,Friday,1,Summer,0,15500.193548387097
378,21,8,2021,Saturday,1,Summer,0,15500.193548387097
309,22,8,2021,Sunday,1,Summer,0,15500.193548387097
490,23,8,2021,Monday,1,Summer,0,15500.193548387097
643,24,8,2021,Tuesday,1,Summer,0,15500.193548387097
432,25,8,2021,Wednesday,1,Summer,0,15500.193548387097
423,26,8,2021,Thursday,1,Summer,0,15500.193548387097
389,27,8,2021,Friday,1,Summer,0,15500.193548387097
566,28,8,2021,Saturday,1,Summer,0,15500.193548387097
310,29,8,2021,Sunday,1,Summer,0,15500.193548387097
376,30,8,2021,Monday,1,Summer,0,15500.193548387097
350,31,8,2021,Tuesday,1,Summer,0,15500.193548387097
372,1,9,2021,Wednesday,1,Summer,0,15427.466666666667
405,2,9,2021,Thursday,1,Summer,0,15427.466666666667
390,3,9,2021,Friday,1,Summer,0,15427.466666666667
439,4,9,2021,Saturday,1,Summer,0,15427.466666666667
285,5,9,2021,Sunday,1,Summer,0,15427.466666666667
367,6,9,2021,Monday,1,Summer,0,15427.466666666667
338,7,9,2021,Tuesday,1,Summer,0,15427.466666666667
368,8,9,2021,Wednesday,1,Summer,0,15427.466666666667
332,9,9,2021,Thursday,1,Summer,0,15427.466666666667
357,10,9,2021,Friday,1,Summer,0,15427.466666666667
347,11,9,2021,Saturday,1,Summer,0,15427.466666666667
372,12,9,2021,Sunday,1,Summer,0,15427.466666666667
339,13,9,2021,Monday,1,Summer,0,15427.466666666667
368,14,9,2021,Tuesday,1,Summer,0,15427.466666666667
316,15,9,2021,Wednesday,1,Summer,0,15427.466666666667
313,16,9,2021,Thursday,1,Summer,0,15427.466666666667
356,17,9,2021,Friday,1,Summer,0,15427.466666666667
463,18,9,2021,Saturday,1,Summer,0,15427.466666666667
468,19,9,2021,Sunday,1,Summer,0,15427.466666666667
325,20,9,2021,Monday,1,Summer,0,15427.466666666667
256,21,9,2021,Tuesday,1,Summer,0,15427.466666666667
251,22,9,2021,Wednesday,1,Autumn,0,15427.466666666667
294,23,9,2021,Thursday,1,Autumn,0,15427.466666666667
315,24,9,2021,Friday,1,Autumn,0,15427.466666666667
497,25,9,2021,Saturday,1,Autumn,0,15427.466666666667
392,26,9,2021,Sunday,1,Autumn,0,15427.466666666667
326,27,9,2021,Monday,1,Autumn,0,15427.466666666667
343,28,9,2021,Tuesday,1,Autumn,0,15427.466666666667
251,29,9,2021,Wednesday,1,Autumn,0,15427.466666666667
311,30,9,2021,Thursday,1,Autumn,0,15427.466666666667
357,1,10,2021,Friday,1,Autumn,0,18378.225806451614
544,2,10,2021,Saturday,1,Autumn,0,18378.225806451614
427,3,10,2021,Sunday,1,Autumn,0,18378.225806451614
476,4,10,2021,Monday,1,Autumn,0,18378.225806451614
445,5,10,2021,Tuesday,1,Autumn,0,18378.225806451614
283,6,10,2021,Wednesday,1,Autumn,0,18378.225806451614
338,7,10,2021,Thursday,1,Autumn,0,18378.225806451614
369,8,10,2021,Friday,1,Autumn,0,18378.225806451614
560,9,10,2021,Saturday,1,Autumn,0,18378.225806451614
535,10,10,2021,Sunday,1,Autumn,0,18378.225806451614
481,11,10,2021,Monday,1,Autumn,0,18378.225806451614
367,12,10,2021,Tuesday,1,Autumn,0,18378.225806451614
342,13,10,2021,Wednesday,1,Autumn,0,18378.225806451614
386,14,10,2021,Thursday,1,Autumn,0,18378.225806451614
381,15,10,2021,Friday,1,Autumn,0,18378.225806451614
575,16,10,2021,Saturday,1,Autumn,0,18378.225806451614
446,17,10,2021,Sunday,1,Autumn,0,18378.225806451614
410,18,10,2021,Monday,1,Autumn,0,18378.225806451614
283,19,10,2021,Tuesday,1,Autumn,0,18378.225806451614
456,20,10,2021,Wednesday,1,Autumn,0,18378.225806451614
505,21,10,2021,Thursday,1,Autumn,0,18378.225806451614
375,22,10,2021,Friday,1,Autumn,0,18378.225806451614
604,23,10,2021,Saturday,1,Autumn,0,18378.225806451614
439,24,10,2021,Sunday,1,Autumn,0,18378.225806451614
568,25,10,2021,Monday,1,Autumn,0,18378.225806451614
448,26,10,2021,Tuesday,1,Autumn,0,18378.225806451614
453,27,10,2021,Wednesday,1,Autumn,0,18378.225806451614
451,28,10,2021,Thursday,1,Autumn,0,18378.225806451614
555,29,10,2021,Friday,1,Autumn,0,18378.225806451614
574,30,10,2021,Saturday,1,Autumn,0,18378.225806451614
586,31,10,2021,Sunday,1,Autumn,0,18378.225806451614
633,1,11,2021,Monday,1,Autumn,0,15798.133333333331
540,2,11,2021,Tuesday,1,Autumn,0,15798.133333333331
427,3,11,2021,Wednesday,1,Autumn,0,15798.133333333331
443,4,11,2021,Thursday,1,Autumn,0,15798.133333333331
498,5,11,2021,Friday,1,Autumn,0,15798.133333333331
583,6,11,2021,Saturday,1,Autumn,0,15798.133333333331
456,7,11,2021,Sunday,1,Autumn,0,15798.133333333331
368,8,11,2021,Monday,1,Autumn,0,15798.133333333331
296,9,11,2021,Tuesday,1,Autumn,0,15798.133333333331
305,10,11,2021,Wednesday,1,Autumn,0,15798.133333333331
410,11,11,2021,Thursday,1,Autumn,0,15798.133333333331
467,12,11,2021,Friday,1,Autumn,0,15798.133333333331
611,13,11,2021,Saturday,1,Autumn,0,15798.133333333331
427,14,11,2021,Sunday,1,Autumn,0,15798.133333333331
377,15,11,2021,Monday,1,Autumn,1,15798.133333333331
285,16,11,2021,Tuesday,1,Autumn,1,15798.133333333331
251,17,11,2021,Wednesday,1,Autumn,1,15798.133333333331
327,18,11,2021,Thursday,1,Autumn,1,15798.133333333331
430,19,11,2021,Friday,1,Autumn,1,15798.133333333331
605,20,11,2021,Saturday,1,Autumn,1,15798.133333333331
436,21,11,2021,Sunday,1,Autumn,1,15798.133333333331
364,22,11,2021,Monday,1,Autumn,1,15798.133333333331
344,23,11,2021,Tuesday,1,Autumn,1,15798.133333333331
319,24,11,2021,Wednesday,1,Autumn,1,15798.133333333331
345,25,11,2021,Thursday,1,Autumn,1,15798.133333333331
659,26,11,2021,Friday,1,Autumn,1,15798.133333333331
894,27,11,2021,Saturday,1,Autumn,1,15798.133333333331
623,28,11,2021,Sunday,1,Autumn,1,15798.133333333331
278,29,11,2021,Monday,1,Autumn,1,15798.133333333331
267,30,11,2021,Tuesday,1,Autumn,1,15798.133333333331
481,1,12,2021,Wednesday,1,Autumn,1,11472.129032258064
317,2,12,2021,Thursday,1,Autumn,1,11472.129032258064
405,3,12,2021,Friday,1,Autumn,1,11472.129032258064
832,4,12,2021,Saturday,1,Autumn,1,11472.129032258064
859,5,12,2021,Sunday,1,Autumn,1,11472.129032258064
495,6,12,2021,Monday,1,Autumn,1,11472.129032258064
379,7,12,2021,Tuesday,1,Autumn,1,11472.129032258064
718,8,12,2021,Wednesday,1,Autumn,1,11472.129032258064
308,9,12,2021,Thursday,1,Autumn,1,11472.129032258064
342,10,12,2021,Friday,1,Autumn,1,11472.129032258064
698,11,12,2021,Saturday,1,Autumn,1,11472.129032258064
653,12,12,2021,Sunday,1,Autumn,1,11472.129032258064
313,13,12,2021,Monday,1,Autumn,1,11472.129032258064
286,14,12,2021,Tuesday,1,Autumn,1,11472.129032258064
265,15,12,2021,Wednesday,1,Autumn,1,11472.129032258064
289,16,12,2021,Thursday,1,Autumn,1,11472.129032258064
328,17,12,2021,Friday,1,Autumn,1,11472.129032258064
821,18,12,2021,Saturday,1,Autumn,1,11472.129032258064
697,19,12,2021,Sunday,1,Autumn,1,11472.129032258064
339,20,12,2021,Monday,1,Autumn,1,11472.129032258064
367,21,12,2021,Tuesday,1,Winter,1,11472.129032258064
417,22,12,2021,Wednesday,1,Winter,1,11472.129032258064
558,23,12,2021,Thursday,1,Winter,1,11472.129032258064
243,24,12,2021,Friday,1,Winter,1,11472.129032258064
251,26,12,2021,Sunday,1,Winter,1,11472.129032258064
504,27,12,2021,Monday,1,Winter,1,11472.129032258064
527,28,12,2021,Tuesday,1,Winter,1,11472.129032258064
528,29,12,2021,Wednesday,1,Winter,1,11472.129032258064
489,30,12,2021,Thursday,1,Winter,1,11472.129032258064
372,31,12,2021,Friday,1,Winter,1,11472.129032258064
409,2,1,2022,Sunday,1,Winter,1,8204.870967741936
360,3,1,2022,Monday,1,Winter,1,8204.870967741936
300,4,1,2022,Tuesday,1,Winter,1,8204.870967741936
186,5,1,2022,Wednesday,1,Winter,1,8204.870967741936
225,6,1,2022,Thursday,1,Winter,1,8204.870967741936
241,7,1,2022,Friday,1,Winter,1,8204.870967741936
277,8,1,2022,Saturday,1,Winter,1,8204.870967741936
197,9,1,2022,Sunday,1,Winter,1,8204.870967741936
265,10,1,2022,Monday,1,Winter,1,8204.870967741936
250,11,1,2022,Tuesday,1,Winter,1,8204.870967741936
234,12,1,2022,Wednesday,1,Winter,1,8204.870967741936
218,13,1,2022,Thursday,1,Winter,1,8204.870967741936
269,14,1,2022,Friday,1,Winter,1,8204.870967741936
428,15,1,2022,Saturday,1,Winter,1,8204.870967741936
235,16,1,2022,Sunday,1,Winter,1,8204.870967741936
179,17,1,2022,Monday,1,Winter,1,8204.870967741936
206,18,1,2022,Tuesday,1,Winter,1,8204.870967741936
215,19,1,2022,Wednesday,1,Winter,1,8204.870967741936
195,20,1,2022,Thursday,1,Winter,1,8204.870967741936
226,21,1,2022,Friday,1,Winter,1,8204.870967741936
469,22,1,2022,Saturday,1,Winter,1,8204.870967741936
350,23,1,2022,Sunday,1,Winter,1,8204.870967741936
220,24,1,2022,Monday,1,Winter,1,8204.870967741936
279,25,1,2022,Tuesday,1,Winter,1,8204.870967741936
203,26,1,2022,Wednesday,1,Winter,1,8204.870967741936
237,27,1,2022,Thursday,1,Winter,1,8204.870967741936
234,28,1,2022,Friday,1,Winter,1,8204.870967741936
485,29,1,2022,Saturday,1,Winter,1,8204.870967741936
356,30,1,2022,Sunday,1,Winter,1,8204.870967741936
274,31,1,2022,Monday,1,Winter,1,8204.870967741936
245,1,2,2022,Tuesday,1,Winter,0,13720.392857142857
217,2,2,2022,Wednesday,1,Winter,0,13720.392857142857
288,3,2,2022,Thursday,1,Winter,0,13720.392857142857
278,4,2,2022,Friday,1,Winter,0,13720.392857142857
498,5,2,2022,Saturday,1,Winter,0,13720.392857142857
346,6,2,2022,Sunday,1,Winter,0,13720.392857142857
315,7,2,2022,Monday,1,Winter,0,13720.392857142857
214,8,2,2022,Tuesday,1,Winter,0,13720.392857142857
230,9,2,2022,Wednesday,1,Winter,0,13720.392857142857
330,10,2,2022,Thursday,1,Winter,0,13720.392857142857
306,11,2,2022,Friday,1,Winter,0,13720.392857142857
483,12,2,2022,Saturday,1,Winter,0,13720.392857142857
319,13,2,2022,Sunday,1,Winter,0,13720.392857142857
415,14,2,2022,Monday,1,Winter,0,13720.392857142857
398,15,2,2022,Tuesday,1,Winter,0,13720.392857142857
337,16,2,2022,Wednesday,1,Winter,0,13720.392857142857
341,17,2,2022,Thursday,1,Winter,0,13720.392857142857
375,18,2,2022,Friday,1,Winter,0,13720.392857142857
627,19,2,2022,Saturday,1,Winter,0,13720.392857142857
368,20,2,2022,Sunday,1,Winter,0,13720.392857142857
386,21,2,2022,Monday,1,Winter,0,13720.392857142857
375,22,2,2022,Tuesday,1,Winter,0,13720.392857142857
287,23,2,2022,Wednesday,1,Winter,0,13720.392857142857
366,24,2,2022,Thursday,1,Winter,0,13720.392857142857
303,25,2,2022,Friday,1,Winter,0,13720.392857142857
637,26,2,2022,Saturday,1,Winter,0,13720.392857142857
536,27,2,2022,Sunday,1,Winter,0,13720.392857142857
528,28,2,2022,Monday,1,Winter,0,13720.392857142857
460,1,3,2022,Tuesday,1,Winter,0,16534.967741935485
405,2,3,2022,Wednesday,1,Winter,0,16534.967741935485
316,3,3,2022,Thursday,1,Winter,0,16534.967741935485
324,4,3,2022,Friday,1,Winter,0,16534.967741935485
467,5,3,2022,Saturday,1,Winter,0,16534.967741935485
325,6,3,2022,Sunday,1,Winter,0,16534.967741935485
329,7,3,2022,Monday,1,Winter,0,16534.967741935485
248,8,3,2022,Tuesday,1,Winter,0,16534.967741935485
261,9,3,2022,Wednesday,1,Winter,0,16534.967741935485
278,10,3,2022,Thursday,1,Winter,0,16534.967741935485
303,11,3,2022,Friday,1,Winter,0,16534.967741935485
320,12,3,2022,Saturday,1,Winter,0,16534.967741935485
372,13,3,2022,Sunday,1,Winter,0,16534.967741935485
442,14,3,2022,Monday,1,Winter,0,16534.967741935485
321,15,3,2022,Tuesday,1,Winter,0,16534.967741935485
331,16,3,2022,Wednesday,1,Winter,0,16534.967741935485
330,17,3,2022,Thursday,1,Winter,0,16534.967741935485
299,18,3,2022,Friday,1,Winter,0,16534.967741935485
663,19,3,2022,Saturday,1,Winter,0,16534.967741935485
265,20,3,2022,Sunday,1,Spring,0,16534.967741935485
321,21,3,2022,Monday,1,Spring,0,16534.967741935485
280,22,3,2022,Tuesday,1,Spring,0,16534.967741935485
246,23,3,2022,Wednesday,1,Spring,0,16534.967741935485
381,24,3,2022,Thursday,1,Spring,0,16534.967741935485
392,25,3,2022,Friday,1,Spring,0,16534.967741935485
509,26,3,2022,Saturday,1,Spring,0,16534.967741935485
315,27,3,2022,Sunday,1,Spring,0,16534.967741935485
403,28,3,2022,Monday,1,Spring,0,16534.967741935485
324,29,3,2022,Tuesday,1,Spring,0,16534.967741935485
360,30,3,2022,Wednesday,1,Spring,0,16534.967741935485
475,31,3,2022,Thursday,1,Spring,0,16534.967741935485
512,1,4,2022,Friday,1,Spring,0,22441.566666666666
619,2,4,2022,Saturday,1,Spring,0,22441.566666666666
514,3,4,2022,Sunday,1,Spring,0,22441.566666666666
528,4,4,2022,Monday,1,Spring,0,22441.566666666666
573,5,4,2022,Tuesday,1,Spring,0,22441.566666666666
362,6,4,2022,Wednesday,1,Spring,0,22441.566666666666
464,7,4,2022,Thursday,1,Spring,0,22441.566666666666
530,8,4,2022,Friday,1,Spring,0,22441.566666666666
696,9,4,2022,Saturday,1,Spring,0,22441.566666666666
536,10,4,2022,Sunday,1,Spring,1,22441.566666666666
778,11,4,2022,Monday,1,Spring,1,22441.566666666666
740,12,4,2022,Tuesday,1,Spring,1,22441.566666666666
692,13,4,2022,Wednesday,1,Spring,1,22441.566666666666
863,14,4,2022,Thursday,1,Spring,1,22441.566666666666
791,15,4,2022,Friday,1,Spring,1,22441.566666666666
934,16,4,2022,Saturday,1,Spring,1,22441.566666666666
752,17,4,2022,Sunday,1,Spring,0,22441.566666666666
629,18,4,2022,Monday,1,Spring,0,22441.566666666666
641,19,4,2022,Tuesday,1,Spring,0,22441.566666666666
530,20,4,2022,Wednesday,1,Spring,0,22441.566666666666
650,21,4,2022,Thursday,1,Spring,0,22441.566666666666
517,22,4,2022,Friday,1,Spring,0,22441.566666666666
757,23,4,2022,Saturday,1,Spring,0,22441.566666666666
684,24,4,2022,Sunday,1,Spring,0,22441.566666666666
650,25,4,2022,Monday,1,Spring,0,22441.566666666666
618,26,4,2022,Tuesday,1,Spring,0,22441.566666666666
558,27,4,2022,Wednesday,1,Spring,0,22441.566666666666
568,28,4,2022,Thursday,1,Spring,0,22441.566666666666
515,29,4,2022,Friday,1,Spring,0,22441.566666666666
671,30,4,2022,Saturday,1,Spring,0,22441.566666666666
688,1,5,2022,Sunday,1,Spring,0,23480.8064516129
682,2,5,2022,Monday,1,Spring,0,23480.8064516129
533,3,5,2022,Tuesday,1,Spring,0,23480.8064516129
459,4,5,2022,Wednesday,1,Spring,0,23480.8064516129
441,5,5,2022,Thursday,1,Spring,0,23480.8064516129
545,6,5,2022,Friday,1,Spring,0,23480.8064516129
709,7,5,2022,Saturday,1,Spring,0,23480.8064516129
436,8,5,2022,Sunday,1,Spring,0,23480.8064516129
427,9,5,2022,Monday,1,Spring,0,23480.8064516129
444,10,5,2022,Tuesday,1,Spring,0,23480.8064516129
351,11,5,2022,Wednesday,1,Spring,0,23480.8064516129
424,12,5,2022,Thursday,1,Spring,0,23480.8064516129
457,13,5,2022,Friday,1,Spring,0,23480.8064516129
617,14,5,2022,Saturday,1,Spring,0,23480.8064516129
556,15,5,2022,Sunday,1,Spring,0,23480.8064516129
550,16,5,2022,Monday,1,Spring,0,23480.8064516129
418,17,5,2022,Tuesday,1,Spring,0,23480.8064516129
405,18,5,2022,Wednesday,1,Spring,0,23480.8064516129
437,19,5,2022,Thursday,1,Spring,0,23480.8064516129
466,20,5,2022,Friday,1,Spring,0,23480.8064516129
706,21,5,2022,Saturday,1,Spring,0,23480.8064516129
602,22,5,2022,Sunday,1,Spring,0,23480.8064516129
601,23,5,2022,Monday,1,Spring,0,23480.8064516129
556,24,5,2022,Tuesday,1,Spring,0,23480.8064516129
581,25,5,2022,Wednesday,1,Spring,0,23480.8064516129
548,26,5,2022,Thursday,1,Spring,0,23480.8064516129
570,27,5,2022,Friday,1,Spring,0,23480.8064516129
750,28,5,2022,Saturday,1,Spring,0,23480.8064516129
566,29,5,2022,Sunday,1,Spring,0,23480.8064516129
597,30,5,2022,Monday,1,Spring,0,23480.8064516129
413,31,5,2022,Tuesday,1,Spring,0,23480.8064516129
514,1,6,2022,Wednesday,1,Spring,0,24732.533333333333
450,2,6,2022,Thursday,1,Spring,0,24732.533333333333
580,3,6,2022,Friday,1,Spring,0,24732.533333333333
679,4,6,2022,Saturday,1,Spring,0,24732.533333333333
611,5,6,2022,Sunday,1,Spring,1,24732.533333333333
560,6,6,2022,Monday,1,Spring,1,24732.533333333333
393,7,6,2022,Tuesday,1,Spring,1,24732.533333333333
524,8,6,2022,Wednesday,1,Spring,1,24732.533333333333
469,9,6,2022,Thursday,1,Spring,1,24732.533333333333
567,10,6,2022,Friday,1,Spring,1,24732.533333333333
568,11,6,2022,Saturday,1,Spring,1,24732.533333333333
372,12,6,2022,Sunday,1,Spring,1,24732.533333333333
600,13,6,2022,Monday,1,Spring,1,24732.533333333333
481,14,6,2022,Tuesday,1,Spring,1,24732.533333333333
537,15,6,2022,Wednesday,1,Spring,1,24732.533333333333
828,16,6,2022,Thursday,1,Spring,1,24732.533333333333
647,17,6,2022,Friday,1,Spring,1,24732.533333333333
728,18,6,2022,Saturday,1,Spring,1,24732.533333333333
567,19,6,2022,Sunday,1,Spring,1,24732.533333333333
572,20,6,2022,Monday,1,Spring,1,24732.533333333333
603,21,6,2022,Tuesday,1,Summer,1,24732.533333333333
584,22,6,2022,Wednesday,1,Summer,1,24732.533333333333
532,23,6,2022,Thursday,1,Summer,1,24732.533333333333
687,24,6,2022,Friday,1,Summer,1,24732.533333333333
952,25,6,2022,Saturday,1,Summer,1,24732.533333333333
1003,26,6,2022,Sunday,1,Summer,1,24732.533333333333
824,27,6,2022,Monday,1,Summer,1,24732.533333333333
717,28,6,2022,Tuesday,1,Summer,1,24732.533333333333
728,29,6,2022,Wednesday,1,Summer,1,24732.533333333333
700,30,6,2022,Thursday,1,Summer,0,24732.533333333333
760,1,7,2022,Friday,1,Summer,0,26236.612903225807
854,2,7,2022,Saturday,1,Summer,0,26236.612903225807
680,3,7,2022,Sunday,1,Summer,0,26236.612903225807
759,4,7,2022,Monday,1,Summer,0,26236.612903225807
809,5,7,2022,Tuesday,1,Summer,0,26236.612903225807
784,6,7,2022,Wednesday,1,Summer,0,26236.612903225807
458,7,7,2022,Thursday,1,Summer,0,26236.612903225807
889,11,7,2022,Monday,1,Summer,0,26236.612903225807
700,12,7,2022,Tuesday,1,Summer,0,26236.612903225807
723,13,7,2022,Wednesday,1,Summer,0,26236.612903225807
820,14,7,2022,Thursday,1,Summer,0,26236.612903225807
788,15,7,2022,Friday,1,Summer,0,26236.612903225807
809,16,7,2022,Saturday,1,Summer,0,26236.612903225807
825,17,7,2022,Sunday,1,Summer,0,26236.612903225807
1018,18,7,2022,Monday,1,Summer,0,26236.612903225807
861,19,7,2022,Tuesday,1,Summer,0,26236.612903225807
834,20,7,2022,Wednesday,1,Summer,0,26236.612903225807
896,21,7,2022,Thursday,1,Summer,0,26236.612903225807
889,22,7,2022,Friday,1,Summer,0,26236.612903225807
948,23,7,2022,Saturday,1,Summer,0,26236.612903225807
787,24,7,2022,Sunday,1,Summer,0,26236.612903225807
871,25,7,2022,Monday,1,Summer,0,26236.612903225807
1078,26,7,2022,Tuesday,1,Summer,0,26236.612903225807
1103,27,7,2022,Wednesday,1,Summer,0,26236.612903225807
864,28,7,2022,Thursday,1,Summer,0,26236.612903225807
879,29,7,2022,Friday,1,Summer,0,26236.612903225807
964,30,7,2022,Saturday,1,Summer,0,26236.612903225807
861,31,7,2022,Sunday,1,Summer,0,26236.612903225807
1101,1,8,2022,Monday,1,Summer,0,26653.67741935484
1111,2,8,2022,Tuesday,1,Summer,0,26653.67741935484
1061,3,8,2022,Wednesday,1,Summer,0,26653.67741935484
1342,4,8,2022,Thursday,1,Summer,0,26653.67741935484
1066,5,8,2022,Friday,1,Summer,0,26653.67741935484
1264,6,8,2022,Saturday,1,Summer,0,26653.67741935484
1091,7,8,2022,Sunday,1,Summer,0,26653.67741935484
1426,8,8,2022,Monday,1,Summer,0,26653.67741935484
1073,9,8,2022,Tuesday,1,Summer,0,26653.67741935484
1377,10,8,2022,Wednesday,1,Summer,0,26653.67741935484
1176,11,8,2022,Thursday,1,Summer,0,26653.67741935484
840,12,8,2022,Friday,1,Summer,0,26653.67741935484
969,13,8,2022,Saturday,1,Summer,0,26653.67741935484
1020,14,8,2022,Sunday,1,Summer,0,26653.67741935484
1191,15,8,2022,Monday,1,Summer,0,26653.67741935484
1280,16,8,2022,Tuesday,1,Summer,0,26653.67741935484
1225,17,8,2022,Wednesday,1,Summer,0,26653.67741935484
940,18,8,2022,Thursday,1,Summer,0,26653.67741935484
810,19,8,2022,Friday,1,Summer,0,26653.67741935484
887,20,8,2022,Saturday,1,Summer,0,26653.67741935484
783,21,8,2022,Sunday,1,Summer,0,26653.67741935484
813,22,8,2022,Monday,1,Summer,0,26653.67741935484
837,23,8,2022,Tuesday,1,Summer,0,26653.67741935484
973,24,8,2022,Wednesday,1,Summer,0,26653.67741935484
756,25,8,2022,Thursday,1,Summer,0,26653.67741935484
706,26,8,2022,Friday,1,Summer,0,26653.67741935484
723,27,8,2022,Saturday,1,Summer,0,26653.67741935484
638,28,8,2022,Sunday,1,Summer,0,26653.67741935484
726,29,8,2022,Monday,1,Summer,0,26653.67741935484
575,30,8,2022,Tuesday,1,Summer,0,26653.67741935484
647,31,8,2022,Wednesday,1,Summer,0,26653.67741935484
607,1,9,2022,Thursday,1,Summer,0,26742.63333333333
725,2,9,2022,Friday,1,Summer,0,26742.63333333333
759,3,9,2022,Saturday,1,Summer,0,26742.63333333333
618,4,9,2022,Sunday,1,Summer,0,26742.63333333333
684,5,9,2022,Monday,1,Summer,0,26742.63333333333
644,6,9,2022,Tuesday,1,Summer,0,26742.63333333333
717,7,9,2022,Wednesday,1,Summer,0,26742.63333333333
697,8,9,2022,Thursday,1,Summer,0,26742.63333333333
553,9,9,2022,Friday,1,Summer,0,26742.63333333333
588,10,9,2022,Saturday,1,Summer,0,26742.63333333333
605,11,9,2022,Sunday,1,Summer,0,26742.63333333333
639,12,9,2022,Monday,1,Summer,0,26742.63333333333
519,13,9,2022,Tuesday,1,Summer,0,26742.63333333333
497,14,9,2022,Wednesday,1,Summer,0,26742.63333333333
580,15,9,2022,Thursday,1,Summer,0,26742.63333333333
493,16,9,2022,Friday,1,Summer,0,26742.63333333333
664,17,9,2022,Saturday,1,Summer,0,26742.63333333333
620,18,9,2022,Sunday,1,Summer,0,26742.63333333333
560,19,9,2022,Monday,1,Summer,0,26742.63333333333
474,20,9,2022,Tuesday,1,Summer,0,26742.63333333333
429,21,9,2022,Wednesday,1,Summer,0,26742.63333333333
448,22,9,2022,Thursday,1,Autumn,0,26742.63333333333
520,23,9,2022,Friday,1,Autumn,0,26742.63333333333
764,24,9,2022,Saturday,1,Autumn,0,26742.63333333333
697,25,9,2022,Sunday,1,Autumn,0,26742.63333333333
499,26,9,2022,Monday,1,Autumn,0,26742.63333333333
628,27,9,2022,Tuesday,1,Autumn,0,26742.63333333333
528,28,9,2022,Wednesday,1,Autumn,0,26742.63333333333
457,29,9,2022,Thursday,1,Autumn,0,26742.63333333333
559,30,9,2022,Friday,1,Autumn,0,26742.63333333333
772,1,10,2022,Saturday,1,Autumn,0,24990.0
550,2,10,2022,Sunday,1,Autumn,0,24990.0
603,3,10,2022,Monday,1,Autumn,0,24990.0
493,4,10,2022,Tuesday,1,Autumn,0,24990.0
809,5,10,2022,Wednesday,1,Autumn,0,24990.0
551,6,10,2022,Thursday,1,Autumn,0,24990.0
601,7,10,2022,Friday,1,Autumn,0,24990.0
733,8,10,2022,Saturday,1,Autumn,0,24990.0
593,9,10,2022,Sunday,1,Autumn,0,24990.0
820,10,10,2022,Monday,1,Autumn,0,24990.0
839,11,10,2022,Tuesday,1,Autumn,0,24990.0
675,12,10,2022,Wednesday,1,Autumn,0,24990.0
582,13,10,2022,Thursday,1,Autumn,0,24990.0
558,14,10,2022,Friday,1,Autumn,0,24990.0
645,15,10,2022,Saturday,1,Autumn,0,24990.0
790,16,10,2022,Sunday,1,Autumn,0,24990.0
575,17,10,2022,Monday,1,Autumn,0,24990.0
649,18,10,2022,Tuesday,1,Autumn,0,24990.0
512,19,10,2022,Wednesday,1,Autumn,0,24990.0
483,20,10,2022,Thursday,1,Autumn,0,24990.0
611,21,10,2022,Friday,1,Autumn,0,24990.0
647,22,10,2022,Saturday,1,Autumn,0,24990.0
686,23,10,2022,Sunday,1,Autumn,0,24990.0
733,24,10,2022,Monday,1,Autumn,0,24990.0
564,25,10,2022,Tuesday,1,Autumn,0,24990.0
650,26,10,2022,Wednesday,1,Autumn,0,24990.0
529,27,10,2022,Thursday,1,Autumn,0,24990.0
636,28,10,2022,Friday,1,Autumn,0,24990.0
682,29,10,2022,Saturday,1,Autumn,0,24990.0
788,30,10,2022,Sunday,1,Autumn,0,24990.0
850,31,10,2022,Monday,1,Autumn,0,24990.0
709,1,11,2022,Tuesday,1,Autumn,0,20544.7
535,2,11,2022,Wednesday,1,Autumn,0,20544.7
400,3,11,2022,Thursday,1,Autumn,0,20544.7
552,4,11,2022,Friday,1,Autumn,0,20544.7
764,5,11,2022,Saturday,1,Autumn,0,20544.7
670,6,11,2022,Sunday,1,Autumn,0,20544.7
383,7,11,2022,Monday,1,Autumn,0,20544.7
376,8,11,2022,Tuesday,1,Autumn,0,20544.7
435,9,11,2022,Wednesday,1,Autumn,0,20544.7
449,10,11,2022,Thursday,1,Autumn,0,20544.7
502,11,11,2022,Friday,1,Autumn,0,20544.7
732,12,11,2022,Saturday,1,Autumn,0,20544.7
568,13,11,2022,Sunday,1,Autumn,0,20544.7
476,14,11,2022,Monday,1,Autumn,0,20544.7
374,15,11,2022,Tuesday,1,Autumn,1,20544.7
323,16,11,2022,Wednesday,1,Autumn,1,20544.7
355,17,11,2022,Thursday,1,Autumn,1,20544.7
526,18,11,2022,Friday,1,Autumn,1,20544.7
735,19,11,2022,Saturday,1,Autumn,1,20544.7
580,20,11,2022,Sunday,1,Autumn,1,20544.7
336,21,11,2022,Monday,1,Autumn,1,20544.7
356,22,11,2022,Tuesday,1,Autumn,1,20544.7
356,23,11,2022,Wednesday,1,Autumn,1,20544.7
321,24,11,2022,Thursday,1,Autumn,1,20544.7
1016,25,11,2022,Friday,1,Autumn,1,20544.7
1352,26,11,2022,Saturday,1,Autumn,1,20544.7
837,27,11,2022,Sunday,1,Autumn,1,20544.7
639,28,11,2022,Monday,1,Autumn,1,20544.7
341,29,11,2022,Tuesday,1,Autumn,1,20544.7
213,30,11,2022,Wednesday,1,Autumn,1,20544.7
768,1,12,2022,Thursday,1,Autumn,1,17330.41935483871
379,2,12,2022,Friday,1,Autumn,1,17330.41935483871
755,3,12,2022,Saturday,1,Autumn,1,17330.41935483871
657,4,12,2022,Sunday,1,Autumn,1,17330.41935483871
402,5,12,2022,Monday,1,Autumn,1,17330.41935483871
367,6,12,2022,Tuesday,1,Autumn,1,17330.41935483871
315,7,12,2022,Wednesday,1,Autumn,1,17330.41935483871
794,8,12,2022,Thursday,1,Autumn,1,17330.41935483871
581,9,12,2022,Friday,1,Autumn,1,17330.41935483871
582,10,12,2022,Saturday,1,Autumn,1,17330.41935483871
497,11,12,2022,Sunday,1,Autumn,1,17330.41935483871
218,12,12,2022,Monday,1,Autumn,1,17330.41935483871
220,13,12,2022,Tuesday,1,Autumn,1,17330.41935483871
210,14,12,2022,Wednesday,1,Autumn,1,17330.41935483871
468,15,12,2022,Thursday,1,Autumn,1,17330.41935483871
427,16,12,2022,Friday,1,Autumn,1,17330.41935483871
879,17,12,2022,Saturday,1,Autumn,1,17330.41935483871
589,18,12,2022,Sunday,1,Autumn,1,17330.41935483871
526,19,12,2022,Monday,1,Autumn,1,17330.41935483871
453,20,12,2022,Tuesday,1,Autumn,1,17330.41935483871
479,21,12,2022,Wednesday,1,Winter,1,17330.41935483871
582,22,12,2022,Thursday,1,Winter,1,17330.41935483871
707,23,12,2022,Friday,1,Winter,1,17330.41935483871
458,24,12,2022,Saturday,1,Winter,1,17330.41935483871
626,26,12,2022,Monday,1,Winter,1,17330.41935483871
1230,27,12,2022,Tuesday,1,Winter,1,17330.41935483871
1164,28,12,2022,Wednesday,1,Winter,1,17330.41935483871
1129,29,12,2022,Thursday,1,Winter,1,17330.41935483871
1050,30,12,2022,Friday,1,Winter,1,17330.41935483871
843,31,12,2022,Saturday,1,Winter,1,17330.41935483871
