Ano,Mes,Dia,Visitantes,COVID
2018,12,14,145,0
2018,12,15,144,0
2018,12,16,2,0
2018,12,17,131,0
2018,12,18,355,0
2018,12,19,1853,0
2018,12,20,1267,0
2018,12,21,1264,0
2018,12,22,2215,0
2018,12,23,1760,0
2018,12,24,982,0
2018,12,26,1792,0
2018,12,27,1724,0
2018,12,28,1912,0
2018,12,29,2088,0
2018,12,30,1724,0
2018,12,31,1182,0
2019,1,2,1533,0
2019,1,3,1490,0
2019,1,4,1244,0
2019,1,5,1518,0
2019,1,6,813,0
2019,1,7,809,0
2019,1,8,679,0
2019,1,9,693,0
2019,1,10,694,0
2019,1,11,829,0
2019,1,12,1100,0
2019,1,13,940,0
2019,1,14,740,0
2019,1,15,563,0
2019,1,16,585,0
2019,1,17,651,0
2019,1,18,588,0
2019,1,19,572,0
2019,1,20,710,0
2019,1,21,734,0
2019,1,22,589,0
2019,1,23,507,0
2019,1,24,605,0
2019,1,25,734,0
2019,1,26,1240,0
2019,1,27,802,0
2019,1,28,713,0
2019,1,29,512,0
2019,1,30,433,0
2019,1,31,516,0
2019,2,1,685,0
2019,2,2,1033,0
2019,2,3,746,0
2019,2,4,721,0
2019,2,5,559,0
2019,2,6,610,0
2019,2,7,729,0
2019,2,8,836,0
2019,2,9,1295,0
2019,2,10,708,0
2019,2,11,754,0
2019,2,12,736,0
2019,2,13,725,0
2019,2,14,782,0
2019,2,15,963,0
2019,2,16,1386,0
2019,2,17,957,0
2019,2,18,820,0
2019,2,19,965,0
2019,2,20,986,0
2019,2,21,884,0
2019,2,22,1072,0
2019,2,23,1306,0
2019,2,24,996,0
2019,2,25,846,0
2019,2,26,831,0
2019,2,27,895,0
2019,2,28,900,0
2019,3,1,1157,0
2019,3,2,1647,0
2019,3,3,1177,0
2019,3,4,1524,0
2019,3,5,966,0
2019,3,6,840,0
2019,3,7,675,0
2019,3,8,1142,0
2019,3,9,1483,0
2019,3,10,1038,0
2019,3,11,776,0
2019,3,12,645,0
2019,3,13,737,0
2019,3,14,686,0
2019,3,15,787,0
2019,3,16,1151,0
2019,3,17,786,0
2019,3,18,758,0
2019,3,19,618,0
2019,3,20,546,0
2019,3,21,792,0
2019,3,22,723,0
2019,3,23,1171,0
2019,3,24,716,0
2019,3,25,677,0
2019,3,26,602,0
2019,3,27,592,0
2019,3,28,771,0
2019,3,29,927,0
2019,3,30,1050,0
2019,3,31,900,0
2019,4,1,810,0
2019,4,2,766,0
2019,4,3,819,0
2019,4,4,721,0
2019,4,5,875,0
2019,4,6,1196,0
2019,4,7,734,0
2019,4,8,1152,0
2019,4,9,1188,0
2019,4,10,1168,0
2019,4,11,1169,0
2019,4,12,1201,0
2019,4,13,1630,0
2019,4,14,1112,0
2019,4,15,1632,0
2019,4,16,1592,0
2019,4,17,1487,0
2019,4,18,1780,0
2019,4,19,1908,0
2019,4,20,1993,0
2019,4,21,1323,0
2019,4,22,1533,0
2019,4,23,1549,0
2019,4,24,999,0
2019,4,25,1527,0
2019,4,26,1397,0
2019,4,27,1286,0
2019,4,28,849,0
2019,4,29,1089,0
2019,4,30,1086,0
2019,5,1,1536,0
2019,5,2,1082,0
2019,5,3,1141,0
2019,5,4,1370,0
2019,5,5,1030,0
2019,5,6,927,0
2019,5,7,814,0
2019,5,8,646,0
2019,5,9,842,0
2019,5,10,908,0
2019,5,11,1093,0
2019,5,12,633,0
2019,5,13,629,0
2019,5,14,711,0
2019,5,15,636,0
2019,5,16,800,0
2019,5,17,911,0
2019,5,18,1136,0
2019,5,19,1143,0
2019,5,20,991,0
2019,5,21,773,0
2019,5,22,733,0
2019,5,23,796,0
2019,5,24,1056,0
2019,5,25,997,0
2019,5,26,839,0
2019,5,27,847,0
2019,5,28,931,0
2019,5,29,776,0
2019,5,30,959,0
2019,5,31,1043,0
2019,6,1,1153,0
2019,6,2,880,0
2019,6,3,986,0
2019,6,4,988,0
2019,6,5,912,0
2019,6,6,828,0
2019,6,7,1077,0
2019,6,8,1351,0
2019,6,9,1122,0
2019,6,10,1315,0
2019,6,11,1218,0
2019,6,12,1007,0
2019,6,13,1227,0
2019,6,14,1227,0
2019,6,15,1441,0
2019,6,16,980,0
2019,6,17,1174,0
2019,6,18,1153,0
2019,6,19,1025,0
2019,6,20,1427,0
2019,6,21,1244,0
2019,6,22,1191,0
2019,6,23,1064,0
2019,6,24,1201,0
2019,6,25,1109,0
2019,6,26,1144,0
2019,6,27,1191,0
2019,6,28,1090,0
2019,6,29,1297,0
2019,6,30,1179,0
2019,7,1,1450,0
2019,7,2,1543,0
2019,7,3,1604,0
2019,7,4,1612,0
2019,7,5,1556,0
2019,7,6,1770,0
2019,7,7,1502,0
2019,7,8,1619,0
2019,7,9,1656,0
2019,7,10,1567,0
2019,7,11,1250,0
2019,7,12,1855,0
2019,7,13,1917,0
2019,7,14,1534,0
2019,7,15,1754,0
2019,7,16,1985,0
2019,7,17,2017,0
2019,7,18,1508,0
2019,7,19,1689,0
2019,7,20,1477,0
2019,7,21,1255,0
2019,7,22,1615,0
2019,7,23,1589,0
2019,7,24,1476,0
2019,7,25,1928,0
2019,7,26,1780,0
2019,7,27,2084,0
2019,7,28,1251,0
2019,7,29,1932,0
2019,7,30,2078,0
2019,7,31,1782,0
2019,8,1,2208,0
2019,8,2,2009,0
2019,8,3,2062,0
2019,8,4,1739,0
2019,8,5,2077,0
2019,8,6,2322,0
2019,8,7,2437,0
2019,8,8,2442,0
2019,8,9,2187,0
2019,8,10,2103,0
2019,8,11,1896,0
2019,8,12,2382,0
2019,8,13,2534,0
2019,8,14,2023,0
2019,8,15,2018,0
2019,8,16,2090,0
2019,8,17,2258,0
2019,8,18,1860,0
2019,8,19,2724,0
2019,8,20,2121,0
2019,8,21,1902,0
2019,8,22,1773,0
2019,8,23,1868,0
2019,8,24,1819,0
2019,8,25,1600,0
2019,8,26,1972,0
2019,8,27,1724,0
2019,8,28,1900,0
2019,8,29,1349,0
2019,8,30,1503,0
2019,8,31,1669,0
2019,9,1,1087,0
2019,9,2,1580,0
2019,9,3,1419,0
2019,9,4,1410,0
2019,9,5,1434,0
2019,9,6,1243,0
2019,9,7,1404,0
2019,9,8,982,0
2019,9,9,1431,0
2019,9,10,1603,0
2019,9,11,1118,0
2019,9,12,943,0
2019,9,13,1209,0
2019,9,14,1193,0
2019,9,15,944,0
2019,9,16,1240,0
2019,9,17,1140,0
2019,9,18,1224,0
2019,9,19,1180,0
2019,9,20,1292,0
2019,9,21,1084,0
2019,9,22,1215,0
2019,9,23,1202,0
2019,9,24,1184,0
2019,9,25,1002,0
2019,9,26,1100,0
2019,9,27,1187,0
2019,9,28,1447,0
2019,9,29,1038,0
2019,9,30,1100,0
2019,10,1,942,0
2019,10,2,884,0
2019,10,3,825,0
2019,10,4,1327,0
2019,10,5,1880,0
2019,10,6,1271,0
2019,10,7,1009,0
2019,10,8,890,0
2019,10,9,1135,0
2019,10,10,814,0
2019,10,11,1103,0
2019,10,12,1687,0
2019,10,13,1127,0
2019,10,14,1095,0
2019,10,15,1054,0
2019,10,16,1085,0
2019,10,17,914,0
2019,10,18,1116,0
2019,10,19,1322,0
2019,10,20,1156,0
2019,10,21,1469,0
2019,10,22,1332,0
2019,10,23,1255,0
2019,10,24,905,0
2019,10,25,1049,0
2019,10,26,1605,0
2019,10,27,1334,0
2019,10,28,1026,0
2019,10,29,961,0
2019,10,30,843,0
2019,10,31,973,0
2019,11,1,1577,0
2019,11,2,1521,0
2019,11,3,929,0
2019,11,4,791,0
2019,11,5,666,0
2019,11,6,672,0
2019,11,7,561,0
2019,11,8,756,0
2019,11,9,1074,0
2019,11,10,894,0
2019,11,11,651,0
2019,11,12,655,0
2019,11,13,498,0
2019,11,14,469,0
2019,11,15,778,0
2019,11,16,1186,0
2019,11,17,517,0
2019,11,18,685,0
2019,11,19,387,0
2019,11,20,467,0
2019,11,21,573,0
2019,11,22,610,0
2019,11,23,1151,0
2019,11,24,568,0
2019,11,25,589,0
2019,11,26,351,0
2019,11,27,563,0
2019,11,28,629,0
2019,11,29,2043,0
2019,11,30,1757,0
2019,12,1,1204,0
2019,12,2,809,0
2019,12,3,499,0
2019,12,4,619,0
2019,12,5,738,0
2019,12,6,1528,0
2019,12,7,2490,0
2019,12,8,1476,0
2019,12,9,670,0
2019,12,10,604,0
2019,12,11,589,0
2019,12,12,421,0
2019,12,13,920,0
2019,12,14,1710,0
2019,12,15,850,0
2019,12,16,402,0
2019,12,17,715,0
2019,12,18,526,0
2019,12,19,248,0
2019,12,20,547,0
2019,12,21,1208,0
2019,12,22,1797,0
2019,12,23,1586,0
2019,12,24,1064,0
2019,12,26,1815,0
2019,12,27,2098,0
2019,12,28,2211,0
2019,12,29,1876,0
2019,12,30,1816,0
2019,12,31,1599,0
2020,1,2,1896,0
2020,1,3,2071,0
2020,1,4,2052,0
2020,1,5,1558,0
2020,1,6,931,0
2020,1,7,783,0
2020,1,8,756,0
2020,1,9,641,0
2020,1,10,830,0
2020,1,11,1257,0
2020,1,12,884,0
2020,1,13,724,0
2020,1,14,437,0
2020,1,15,551,0
2020,1,16,505,0
2020,1,17,763,0
2020,1,18,1100,0
2020,1,19,945,0
2020,1,20,628,0
2020,1,21,531,0
2020,1,22,614,0
2020,1,23,676,0
2020,1,24,658,0
2020,1,25,1139,0
2020,1,26,728,0
2020,1,27,623,0
2020,1,28,666,0
2020,1,29,855,0
2020,1,30,469,0
2020,1,31,628,0
2020,2,1,1042,0
2020,2,2,872,0
2020,2,3,726,0
2020,2,4,657,0
2020,2,5,656,0
2020,2,6,619,0
2020,2,7,788,0
2020,2,8,1102,0
2020,2,9,964,0
2020,2,10,757,0
2020,2,11,822,0
2020,2,12,784,0
2020,2,13,728,0
2020,2,14,941,0
2020,2,15,1279,0
2020,2,16,1076,0
2020,2,17,949,0
2020,2,18,860,0
2020,2,19,969,0
2020,2,20,772,0
2020,2,21,1101,0
2020,2,22,1537,0
2020,2,23,1267,0
2020,2,24,1555,0
2020,2,25,1436,0
2020,2,26,1085,0
2020,2,27,1039,0
2020,2,28,1327,0
2020,2,29,1206,0
2020,3,1,776,1
2020,3,2,720,1
2020,3,3,614,1
2020,3,4,636,1
2020,3,5,515,1
2020,3,6,661,1
2020,3,7,891,1
2020,3,8,705,1
2020,3,9,690,1
2020,3,10,510,1
2020,3,11,423,1
2020,3,12,417,1
2020,3,13,367,1
2020,3,14,463,1
2020,3,16,280,1
2020,3,17,138,1
2020,3,18,84,1
2020,3,19,6,1
2020,5,4,11,1
2020,5,5,6,1
2020,5,6,71,1
2020,5,7,43,1
2020,5,8,28,1
2020,5,9,97,1
2020,5,11,80,1
2020,5,12,63,1
2020,5,13,27,1
2020,5,14,34,1
2020,5,15,49,1
2020,5,16,123,1
2020,5,18,117,1
2020,5,19,104,1
2020,5,20,145,1
2020,5,21,106,1
2020,5,22,93,1
2020,5,23,261,1
2020,5,25,138,1
2020,5,26,130,1
2020,5,27,85,1
2020,5,28,93,1
2020,5,29,100,1
2020,5,30,229,1
2020,5,31,0,1
2020,6,1,227,1
2020,6,2,140,1
2020,6,3,135,1
2020,6,4,147,1
2020,6,5,165,1
2020,6,6,273,1
2020,6,8,173,1
2020,6,9,155,1
2020,6,10,211,1
2020,6,11,160,1
2020,6,12,179,1
2020,6,13,259,1
2020,6,15,117,1
2020,6,16,106,1
2020,6,17,106,1
2020,6,18,104,1
2020,6,19,109,1
2020,6,20,217,1
2020,6,22,64,1
2020,6,23,60,1
2020,6,24,75,1
2020,6,25,131,1
2020,6,26,104,1
2020,6,27,205,1
2020,6,29,113,1
2020,6,30,105,1
2020,7,1,106,1
2020,7,2,110,1
2020,7,3,102,1
2020,7,4,166,1
2020,7,5,114,1
2020,7,6,108,1
2020,7,7,103,1
2020,7,8,153,1
2020,7,9,136,1
2020,7,10,118,1
2020,7,11,150,1
2020,7,12,102,1
2020,7,13,120,1
2020,7,14,107,1
2020,7,15,117,1
2020,7,16,136,1
2020,7,17,92,1
2020,7,18,128,1
2020,7,19,154,1
2020,7,20,173,1
2020,7,21,162,1
2020,7,22,133,1
2020,7,23,164,1
2020,7,24,170,1
2020,7,25,245,1
2020,7,26,117,1
2020,7,27,211,1
2020,7,28,202,1
2020,7,29,194,1
2020,7,30,205,1
2020,7,31,191,1
2020,8,1,267,1
2020,8,2,171,1
2020,8,3,371,1
2020,8,4,243,1
2020,8,5,213,1
2020,8,6,258,1
2020,8,7,270,1
2020,8,8,304,1
2020,8,9,261,1
2020,8,10,387,1
2020,8,11,407,1
2020,8,12,432,1
2020,8,13,415,1
2020,8,14,420,1
2020,8,15,447,1
2020,8,16,369,1
2020,8,17,565,1
2020,8,18,404,1
2020,8,19,305,1
2020,8,20,492,1
2020,8,21,359,1
2020,8,22,329,1
2020,8,23,333,1
2020,8,24,286,1
2020,8,25,265,1
2020,8,26,254,1
2020,8,27,307,1
2020,8,28,284,1
2020,8,29,418,1
2020,8,30,322,1
2020,8,31,221,1
2020,9,1,286,1
2020,9,2,288,1
2020,9,3,162,1
2020,9,4,199,1
2020,9,5,267,1
2020,9,6,187,1
2020,9,7,243,1
2020,9,8,169,1
2020,9,9,246,1
2020,9,10,171,1
2020,9,11,204,1
2020,9,12,286,1
2020,9,13,229,1
2020,9,14,219,1
2020,9,15,206,1
2020,9,16,179,1
2020,9,17,196,1
2020,9,18,157,1
2020,9,19,345,1
2020,9,20,234,1
2020,9,21,194,1
2020,9,22,166,1
2020,9,23,157,1
2020,9,24,198,1
2020,9,25,162,1
2020,9,26,324,1
2020,9,27,244,1
2020,9,28,201,1
2020,9,29,142,1
2020,9,30,149,1
2020,10,1,146,1
2020,10,2,136,1
2020,10,3,351,1
2020,10,4,238,1
2020,10,5,270,1
2020,10,6,143,1
2020,10,7,134,1
2020,10,8,125,1
2020,10,9,110,1
2020,10,10,319,1
2020,10,11,239,1
2020,10,12,162,1
2020,10,13,101,1
2020,10,14,103,1
2020,10,15,105,1
2020,10,16,116,1
2020,10,17,279,1
2020,10,18,209,1
2020,10,19,77,1
2020,10,20,48,1
2020,10,21,109,1
2020,10,22,152,1
2020,10,23,134,1
2020,10,24,234,1
2020,10,25,114,1
2020,10,26,149,1
2020,10,27,207,1
2020,10,28,119,1
2020,10,29,128,1
2020,10,30,122,1
2020,10,31,198,1
2020,11,1,149,1
2020,11,2,85,1
2020,11,3,105,1
2020,11,4,78,1
2020,11,5,84,1
2020,11,6,56,1
2020,11,7,172,1
2020,11,8,148,1
2020,11,9,71,1
2020,11,10,75,1
2020,11,11,73,1
2020,11,12,70,1
2020,11,13,101,1
2020,11,14,39,1
2020,11,15,27,1
2020,11,16,91,1
2020,11,17,67,1
2020,11,18,75,1
2020,11,19,81,1
2020,11,20,87,1
2020,11,21,55,1
2020,11,22,67,1
2020,11,23,132,1
2020,11,24,88,1
2020,11,25,92,1
2020,11,26,210,1
2020,11,27,379,1
2020,11,28,104,1
2020,11,29,104,1
2020,11,30,124,1
2020,12,1,92,1
2020,12,2,164,1
2020,12,3,138,1
2020,12,4,69,1
2020,12,5,67,1
2020,12,6,71,1
2020,12,7,113,1
2020,12,8,77,1
2020,12,9,124,1
2020,12,10,91,1
2020,12,11,134,1
2020,12,12,89,1
2020,12,13,75,1
2020,12,14,140,1
2020,12,15,193,1
2020,12,16,126,1
2020,12,17,203,1
2020,12,18,231,1
2020,12,19,144,1
2020,12,20,135,1
2020,12,21,424,1
2020,12,22,429,1
2020,12,23,364,1
2020,12,24,204,1
2020,12,26,124,1
2020,12,27,71,1
2020,12,28,460,1
2020,12,29,397,1
2020,12,30,413,1
2020,12,31,216,1
2021,1,2,112,1
2021,1,3,74,1
2021,1,4,206,1
2021,1,5,161,1
2021,1,6,156,1
2021,1,7,165,1
2021,1,8,140,1
2021,1,9,84,1
2021,1,10,79,1
2021,1,11,155,1
2021,1,12,139,1
2021,1,13,155,1
2021,1,14,114,1
2021,1,15,0,1
2021,1,19,1,1
2021,1,20,2,1
2021,1,21,0,1
2021,1,22,0,1
2021,1,24,0,1
2021,1,25,0,1
2021,1,26,1,1
2021,1,27,0,1
2021,1,28,0,1
2021,1,29,1,1
2021,1,31,1,1
2021,2,1,0,1
2021,2,2,0,1
2021,2,3,0,1
2021,2,4,1,1
2021,2,5,0,1
2021,2,7,0,1
2021,2,8,0,1
2021,2,9,0,1
2021,2,10,10,1
2021,2,11,0,1
2021,2,12,24,1
2021,2,15,1,1
2021,2,16,0,1
2021,2,17,0,1
2021,2,18,2,1
2021,2,19,1,1
2021,2,20,0,1
2021,2,22,2,1
2021,2,23,1,1
2021,2,24,0,1
2021,2,25,2,1
2021,2,26,2,1
2021,3,1,1,1
2021,3,2,0,1
2021,3,3,1,1
2021,3,4,2,1
2021,3,11,1,1
2021,3,12,2,1
2021,3,14,1,1
2021,3,15,1,1
2021,3,16,0,1
2021,3,17,3,1
2021,3,18,2,1
2021,3,19,13,1
2021,3,22,3,1
2021,3,23,3,1
2021,3,24,5,1
2021,3,25,5,1
2021,3,26,1,1
2021,3,27,2,1
2021,3,29,2,1
2021,3,30,5,1
2021,3,31,29,1
2021,4,1,20,1
2021,4,5,289,1
2021,4,6,229,1
2021,4,7,212,1
2021,4,8,170,1
2021,4,9,229,1
2021,4,10,110,1
2021,4,12,162,1
2021,4,13,110,1
2021,4,14,109,1
2021,4,15,113,1
2021,4,16,165,1
2021,4,17,105,1
2021,4,19,133,1
2021,4,20,114,1
2021,4,21,114,1
2021,4,22,105,1
2021,4,23,105,1
2021,4,24,89,1
2021,4,26,91,1
2021,4,27,98,1
2021,4,28,100,1
2021,4,29,123,1
2021,4,30,171,1
2021,5,1,320,1
2021,5,3,127,1
2021,5,4,136,1
2021,5,5,132,1
2021,5,6,126,1
2021,5,7,139,1
2021,5,8,294,1
2021,5,10,106,1
2021,5,11,107,1
2021,5,12,107,1
2021,5,13,148,1
2021,5,14,180,1
2021,5,15,294,1
2021,5,17,149,1
2021,5,18,148,1
2021,5,19,122,1
2021,5,20,92,1
2021,5,21,150,1
2021,5,22,325,1
2021,5,24,197,1
2021,5,25,121,1
2021,5,26,131,1
2021,5,27,152,1
2021,5,28,197,1
2021,5,29,264,1
2021,5,31,200,1
2021,6,1,197,1
2021,6,2,154,1
2021,6,3,357,1
2021,6,4,238,1
2021,6,5,296,1
2021,6,6,180,1
2021,6,7,201,1
2021,6,8,191,1
2021,6,9,137,1
2021,6,10,222,1
2021,6,11,200,1
2021,6,12,268,1
2021,6,13,170,1
2021,6,14,189,1
2021,6,15,156,1
2021,6,16,155,1
2021,6,17,185,1
2021,6,18,193,1
2021,6,19,206,1
2021,6,20,207,1
2021,6,21,257,1
2021,6,22,197,1
2021,6,23,185,1
2021,6,24,172,1
2021,6,25,220,1
2021,6,26,150,1
2021,6,27,160,1
2021,6,28,254,1
2021,6,29,256,1
2021,6,30,216,1
2021,7,1,243,1
2021,7,2,247,1
2021,7,3,178,1
2021,7,4,129,1
2021,7,5,276,1
2021,7,6,247,1
2021,7,7,233,1
2021,7,8,287,1
2021,7,9,228,1
2021,7,10,122,1
2021,7,11,110,1
2021,7,12,319,1
2021,7,13,237,1
2021,7,14,244,1
2021,7,15,205,1
2021,7,16,248,1
2021,7,17,155,1
2021,7,18,166,1
2021,7,19,337,1
2021,7,20,304,1
2021,7,21,269,1
2021,7,22,320,1
2021,7,23,293,1
2021,7,24,149,1
2021,7,25,187,1
2021,7,26,346,1
2021,7,27,314,1
2021,7,28,329,1
2021,7,29,261,1
2021,7,30,324,1
2021,7,31,217,1
2021,8,1,295,1
2021,8,2,366,1
2021,8,3,339,1
2021,8,4,387,1
2021,8,5,337,1
2021,8,6,371,1
2021,8,7,346,1
2021,8,8,303,1
2021,8,9,510,1
2021,8,10,391,1
2021,8,11,449,1
2021,8,12,388,1
2021,8,13,365,1
2021,8,14,289,1
2021,8,15,301,1
2021,8,16,431,1
2021,8,17,398,1
2021,8,18,383,1
2021,8,19,379,1
2021,8,20,389,1
2021,8,21,378,1
2021,8,22,309,1
2021,8,23,490,1
2021,8,24,643,1
2021,8,25,432,1
2021,8,26,423,1
2021,8,27,389,1
2021,8,28,566,1
2021,8,29,310,1
2021,8,30,376,1
2021,8,31,350,1
2021,9,1,372,1
2021,9,2,405,1
2021,9,3,390,1
2021,9,4,439,1
2021,9,5,285,1
2021,9,6,367,1
2021,9,7,338,1
2021,9,8,368,1
2021,9,9,332,1
2021,9,10,357,1
2021,9,11,347,1
2021,9,12,372,1
2021,9,13,339,1
2021,9,14,368,1
2021,9,15,316,1
2021,9,16,313,1
2021,9,17,356,1
2021,9,18,463,1
2021,9,19,468,1
2021,9,20,325,1
2021,9,21,256,1
2021,9,22,251,1
2021,9,23,294,1
2021,9,24,315,1
2021,9,25,497,1
2021,9,26,392,1
2021,9,27,326,1
2021,9,28,343,1
2021,9,29,251,1
2021,9,30,311,1
2021,10,1,357,1
2021,10,2,544,1
2021,10,3,427,1
2021,10,4,476,1
2021,10,5,445,1
2021,10,6,283,1
2021,10,7,338,1
2021,10,8,369,1
2021,10,9,560,1
2021,10,10,535,1
2021,10,11,481,1
2021,10,12,367,1
2021,10,13,342,1
2021,10,14,386,1
2021,10,15,381,1
2021,10,16,575,1
2021,10,17,446,1
2021,10,18,410,1
2021,10,19,283,1
2021,10,20,456,1
2021,10,21,505,1
2021,10,22,375,1
2021,10,23,604,1
2021,10,24,439,1
2021,10,25,568,1
2021,10,26,448,1
2021,10,27,453,1
2021,10,28,451,1
2021,10,29,555,1
2021,10,30,574,1
2021,10,31,586,1
2021,11,1,633,1
2021,11,2,540,1
2021,11,3,427,1
2021,11,4,443,1
2021,11,5,498,1
2021,11,6,583,1
2021,11,7,456,1
2021,11,8,368,1
2021,11,9,296,1
2021,11,10,305,1
2021,11,11,410,1
2021,11,12,467,1
2021,11,13,611,1
2021,11,14,427,1
2021,11,15,377,1
2021,11,16,285,1
2021,11,17,251,1
2021,11,18,327,1
2021,11,19,430,1
2021,11,20,605,1
2021,11,21,436,1
2021,11,22,364,1
2021,11,23,344,1
2021,11,24,319,1
2021,11,25,345,1
2021,11,26,659,1
2021,11,27,894,1
2021,11,28,623,1
2021,11,29,278,1
2021,11,30,267,1
2021,12,1,481,1
2021,12,2,317,1
2021,12,3,405,1
2021,12,4,832,1
2021,12,5,859,1
2021,12,6,495,1
2021,12,7,379,1
2021,12,8,718,1
2021,12,9,308,1
2021,12,10,342,1
2021,12,11,698,1
2021,12,12,653,1
2021,12,13,313,1
2021,12,14,286,1
2021,12,15,265,1
2021,12,16,289,1
2021,12,17,328,1
2021,12,18,821,1
2021,12,19,697,1
2021,12,20,339,1
2021,12,21,367,1
2021,12,22,417,1
2021,12,23,558,1
2021,12,24,243,1
2021,12,26,251,1
2021,12,27,504,1
2021,12,28,527,1
2021,12,29,528,1
2021,12,30,489,1
2021,12,31,372,1
2022,1,2,409,1
2022,1,3,360,1
2022,1,4,300,1
2022,1,5,186,1
2022,1,6,225,1
2022,1,7,241,1
2022,1,8,277,1
2022,1,9,197,1
2022,1,10,265,1
2022,1,11,250,1
2022,1,12,234,1
2022,1,13,218,1
2022,1,14,269,1
2022,1,15,428,1
2022,1,16,235,1
2022,1,17,179,1
2022,1,18,206,1
2022,1,19,215,1
2022,1,20,195,1
2022,1,21,226,1
2022,1,22,469,1
2022,1,23,350,1
2022,1,24,220,1
2022,1,25,279,1
2022,1,26,203,1
2022,1,27,237,1
2022,1,28,234,1
2022,1,29,485,1
2022,1,30,356,1
2022,1,31,274,1
2022,2,1,245,1
2022,2,2,217,1
2022,2,3,288,1
2022,2,4,278,1
2022,2,5,498,1
2022,2,6,346,1
2022,2,7,315,1
2022,2,8,214,1
2022,2,9,230,1
2022,2,10,330,1
2022,2,11,306,1
2022,2,12,483,1
2022,2,13,319,1
2022,2,14,415,1
2022,2,15,398,1
2022,2,16,337,1
2022,2,17,341,1
2022,2,18,375,1
2022,2,19,627,1
2022,2,20,368,1
2022,2,21,386,1
2022,2,22,375,1
2022,2,23,287,1
2022,2,24,366,1
2022,2,25,303,1
2022,2,26,637,1
2022,2,27,536,1
2022,2,28,528,1
2022,3,1,460,1
2022,3,2,405,1
2022,3,3,316,1
2022,3,4,324,1
2022,3,5,467,1
2022,3,6,325,1
2022,3,7,329,1
2022,3,8,248,1
2022,3,9,261,1
2022,3,10,278,1
2022,3,11,303,1
2022,3,12,320,1
2022,3,13,372,1
2022,3,14,442,1
2022,3,15,321,1
2022,3,16,331,1
2022,3,17,330,1
2022,3,18,299,1
2022,3,19,663,1
2022,3,20,265,1
2022,3,21,321,1
2022,3,22,280,1
2022,3,23,246,1
2022,3,24,381,1
2022,3,25,392,1
2022,3,26,509,1
2022,3,27,315,1
2022,3,28,403,1
2022,3,29,324,1
2022,3,30,360,1
2022,3,31,475,1
2022,4,1,512,1
2022,4,2,619,1
2022,4,3,514,1
2022,4,4,528,1
2022,4,5,573,1
2022,4,6,362,1
2022,4,7,464,1
2022,4,8,530,1
2022,4,9,696,1
2022,4,10,536,1
2022,4,11,778,1
2022,4,12,740,1
2022,4,13,692,1
2022,4,14,863,1
2022,4,15,791,1
2022,4,16,934,1
2022,4,17,752,1
2022,4,18,629,1
2022,4,19,641,1
2022,4,20,530,1
2022,4,21,650,1
2022,4,22,517,1
2022,4,23,757,1
2022,4,24,684,1
2022,4,25,650,1
2022,4,26,618,1
2022,4,27,558,1
2022,4,28,568,1
2022,4,29,515,1
2022,4,30,671,1
2022,5,1,688,1
2022,5,2,682,1
2022,5,3,533,1
2022,5,4,459,1
2022,5,5,441,1
2022,5,6,545,1
2022,5,7,709,1
2022,5,8,436,1
2022,5,9,427,1
2022,5,10,444,1
2022,5,11,351,1
2022,5,12,424,1
2022,5,13,457,1
2022,5,14,617,1
2022,5,15,556,1
2022,5,16,550,1
2022,5,17,418,1
2022,5,18,405,1
2022,5,19,437,1
2022,5,20,466,1
2022,5,21,706,1
2022,5,22,602,1
2022,5,23,601,1
2022,5,24,556,1
2022,5,25,581,1
2022,5,26,548,1
2022,5,27,570,1
2022,5,28,750,1
2022,5,29,566,1
2022,5,30,597,1
2022,5,31,413,1
2022,6,1,514,1
2022,6,2,450,1
2022,6,3,580,1
2022,6,4,679,1
2022,6,5,611,1
2022,6,6,560,1
2022,6,7,393,1
2022,6,8,524,1
2022,6,9,469,1
2022,6,10,567,1
2022,6,11,568,1
2022,6,12,372,1
2022,6,13,600,1
2022,6,14,481,1
2022,6,15,537,1
2022,6,16,828,1
2022,6,17,647,1
2022,6,18,728,1
2022,6,19,567,1
2022,6,20,572,1
2022,6,21,603,1
2022,6,22,584,1
2022,6,23,532,1
2022,6,24,687,1
2022,6,25,952,1
2022,6,26,1003,1
2022,6,27,824,1
2022,6,28,717,1
2022,6,29,728,1
2022,6,30,700,1
2022,7,1,760,1
2022,7,2,854,1
2022,7,3,680,1
2022,7,4,759,1
2022,7,5,809,1
2022,7,6,784,1
2022,7,7,458,1
2022,7,8,0,1
2022,7,9,0,1
2022,7,10,0,1
2022,7,11,889,1
2022,7,12,700,1
2022,7,13,723,1
2022,7,14,820,1
2022,7,15,788,1
2022,7,16,809,1
2022,7,17,825,1
2022,7,18,1018,1
2022,7,19,861,1
2022,7,20,834,1
2022,7,21,896,1
2022,7,22,889,1
2022,7,23,948,1
2022,7,24,787,1
2022,7,25,871,1
2022,7,26,1078,1
2022,7,27,1103,1
2022,7,28,864,1
2022,7,29,879,1
2022,7,30,964,1
2022,7,31,861,1
2022,8,1,1101,1
2022,8,2,1111,1
2022,8,3,1061,1
2022,8,4,1342,1
2022,8,5,1066,1
2022,8,6,1264,1
2022,8,7,1091,1
2022,8,8,1426,1
2022,8,9,1073,1
2022,8,10,1377,1
2022,8,11,1176,1
2022,8,12,840,1
2022,8,13,969,1
2022,8,14,1020,1
2022,8,15,1191,1
2022,8,16,1280,1
2022,8,17,1225,1
2022,8,18,940,1
2022,8,19,810,1
2022,8,20,887,1
2022,8,21,783,1
2022,8,22,813,1
2022,8,23,837,1
2022,8,24,973,1
2022,8,25,756,1
2022,8,26,706,1
2022,8,27,723,1
2022,8,28,638,1
2022,8,29,726,1
2022,8,30,575,1
2022,8,31,647,1
2022,9,1,607,1
2022,9,2,725,1
2022,9,3,759,1
2022,9,4,618,1
2022,9,5,684,1
2022,9,6,644,1
2022,9,7,717,1
2022,9,8,697,1
2022,9,9,553,1
2022,9,10,588,1
2022,9,11,605,1
2022,9,12,639,1
2022,9,13,519,1
2022,9,14,497,1
2022,9,15,580,1
2022,9,16,493,1
2022,9,17,664,1
2022,9,18,620,1
2022,9,19,560,1
2022,9,20,474,1
2022,9,21,429,1
2022,9,22,448,1
2022,9,23,520,1
2022,9,24,764,1
2022,9,25,697,1
2022,9,26,499,1
2022,9,27,628,1
2022,9,28,528,1
2022,9,29,457,1
2022,9,30,559,1
2022,10,1,772,1
2022,10,2,550,1
2022,10,3,603,1
2022,10,4,493,1
2022,10,5,809,1
2022,10,6,551,1
2022,10,7,601,1
2022,10,8,733,1
2022,10,9,593,1
2022,10,10,820,1
2022,10,11,839,1
2022,10,12,675,1
2022,10,13,582,1
2022,10,14,558,1
2022,10,15,645,1
2022,10,16,790,1
2022,10,17,575,1
2022,10,18,649,1
2022,10,19,512,1
2022,10,20,483,1
2022,10,21,611,1
2022,10,22,647,1
2022,10,23,686,1
2022,10,24,733,1
2022,10,25,564,1
2022,10,26,650,1
2022,10,27,529,1
2022,10,28,636,1
2022,10,29,682,1
2022,10,30,788,1
2022,10,31,850,1
2022,11,1,709,1
2022,11,2,535,1
2022,11,3,400,1
2022,11,4,552,1
2022,11,5,764,1
2022,11,6,670,1
2022,11,7,383,1
2022,11,8,376,1
2022,11,9,435,1
2022,11,10,449,1
2022,11,11,502,1
2022,11,12,732,1
2022,11,13,568,1
2022,11,14,476,1
2022,11,15,374,1
2022,11,16,323,1
2022,11,17,355,1
2022,11,18,526,1
2022,11,19,735,1
2022,11,20,580,1
2022,11,21,336,1
2022,11,22,356,1
2022,11,23,356,1
2022,11,24,321,1
2022,11,25,1016,1
2022,11,26,1352,1
2022,11,27,837,1
2022,11,28,639,1
2022,11,29,341,1
2022,11,30,213,1
2022,12,1,768,1
2022,12,2,379,1
2022,12,3,755,1
2022,12,4,657,1
2022,12,5,402,1
2022,12,6,367,1
2022,12,7,315,1
2022,12,8,794,1
2022,12,9,581,1
2022,12,10,582,1
2022,12,11,497,1
2022,12,12,218,1
2022,12,13,220,1
2022,12,14,210,1
2022,12,15,468,1
2022,12,16,427,1
2022,12,17,879,1
2022,12,18,589,1
2022,12,19,526,1
2022,12,20,453,1
2022,12,21,479,1
2022,12,22,582,1
2022,12,23,707,1
2022,12,24,458,1
2022,12,26,626,1
2022,12,27,1230,1
2022,12,28,1164,1
2022,12,29,1129,1
2022,12,30,1050,1
2022,12,31,843,1
2023,1,2,1027,1
2023,1,3,815,1
2023,1,4,677,1
2023,1,5,625,1
2023,1,6,593,1
2023,1,7,544,1
2023,1,8,434,1
2023,1,9,382,1
2023,1,10,384,1
2023,1,11,394,1
2023,1,12,395,1
2023,1,13,474,1
2023,1,14,594,1
2023,1,15,609,1
2023,1,16,413,1
2023,1,17,351,1
2023,1,18,363,1
2023,1,19,433,1
2023,1,20,384,1
2023,1,21,655,1
2023,1,22,568,1
2023,1,23,454,1
2023,1,24,398,1
2023,1,25,489,1
2023,1,26,404,1
2023,1,27,659,1
2023,1,28,817,1
2023,1,29,742,1
2023,1,30,524,1
2023,1,31,424,1
2023,2,1,366,1
2023,2,2,393,1
2023,2,3,407,1
2023,2,4,687,1
2023,2,5,533,1
2023,2,6,418,1
2023,2,7,432,1
2023,2,8,439,1
2023,2,9,340,1
2023,2,10,475,1
2023,2,11,652,1
2023,2,12,595,1
2023,2,13,512,1
2023,2,14,378,1
2023,2,15,457,1
2023,2,16,327,1
2023,2,17,471,1
2023,2,18,0,1
